iso2,element_count,urgent_count,multinational_count,iso3,country_name,region,income_level,capital_city,longitude,latitude,population,gdp_current_usd,gdp_per_capita_usd,urban_population_pct,urgent_share,elements_per_million,metric_missing
CN,45,3,2,CHN,China,East Asia & Pacific,Upper middle income,Beijing,116.286,40.0495,1410710000,18270356654533.2,12951.1782397043,65.5301448035523,0.06666666666666667,0.03189883108505646,False
TR,32,3,14,TUR,Turkiye,Europe & Central Asia,Upper middle income,Ankara,32.3606,39.7153,85325965,1141242864657.45,13375.0947282864,89.0218446796121,0.09375,0.37503238316730436,False
FR,30,1,14,FRA,France,Europe & Central Asia,High income,Paris,2.35097,48.8566,68372286,3056250648138.29,44700.1384177544,78.7804323126547,0.03333333333333333,0.43877427178608597,False
IR,27,2,14,IRN,"Iran, Islamic Rep.","Middle East, North Africa, Afghanistan & Pakistan",Upper middle income,Tehran,51.4447,35.6878,90608707,457510482317.483,5049.29931642754,76.6759567260742,0.07407407407407407,0.29798460759405826,False
ES,26,0,10,ESP,Spain,Europe & Central Asia,High income,Madrid,-3.70327,40.4167,48352528,1619481980719.64,33493.2225409111,80.128491001856,0.0,0.5377174901796241,False
AZ,24,2,12,AZE,Azerbaijan,Europe & Central Asia,Upper middle income,Baku,49.8932,40.3834,10153958,72428470588.2353,7133.02838048328,58.5075350483702,0.08333333333333333,2.363610328110477,False
HR,23,1,6,HRV,Croatia,Europe & Central Asia,High income,Zagreb,15.9614,45.8069,3859686,85624153964.0987,22184.2279304842,57.2431560672198,0.043478260869565216,5.959033973229947,False
JP,23,0,0,JPN,Japan,East Asia & Pacific,High income,Tokyo,139.77,35.67,124516650,4213167237905.83,33836.1756271617,92.0826903891473,0.0,0.18471425307378572,False
KR,23,0,3,KOR,"Korea, Rep.",East Asia & Pacific,High income,Seoul,126.957,37.5323,51712619,1844800934391.54,35674.095995632,81.1645551720421,0.0,0.44476571569504153,False
AE,21,1,15,ARE,United Arab Emirates,"Middle East, North Africa, Afghanistan & Pakistan",High income,Abu Dhabi,54.3705,24.4764,10483751,522622191967.325,49850.6872175164,85.6680699002526,0.047619047619047616,2.0030998447025308,False
BE,21,0,7,BEL,Belgium,Europe & Central Asia,High income,Brussels,4.36761,50.8371,11779946,651330595110.011,55291.4754541329,87.551492636772,0.0,1.7826906846601842,False
IT,21,0,11,ITA,Italy,Europe & Central Asia,High income,Rome,12.4823,41.8955,58984216,2316727999333.18,39277.0838783918,69.5381540123301,0.0,0.3560274497841931,False
OM,18,0,13,OMN,Oman,"Middle East, North Africa, Afghanistan & Pakistan",High income,Muscat,58.5874,23.6105,5049269,106174708036.51,21027.7384778886,79.5702973228932,0.0,3.5648724597560557,False
SA,18,0,13,SAU,Saudi Arabia,"Middle East, North Africa, Afghanistan & Pakistan",High income,Riyadh,46.6977,24.6748,33702731,1218584533333.33,36156.848337701,84.2962388315415,0.0,0.5340813478883951,False
UZ,18,1,9,UZB,Uzbekistan,Europe & Central Asia,Lower middle income,Tashkent,69.269,41.3052,35652307,102641879248.764,2878.96879292451,50.9964841114568,0.05555555555555555,0.5048761641147094,False
MN,17,7,3,MNG,Mongolia,East Asia & Pacific,Upper middle income,Ulaanbaatar,106.937,47.9129,3481145,20325121393.9074,5838.63108083902,70.4464492797852,0.4117647058823529,4.8834507037196095,False
VN,17,3,1,VNM,Viet Nam,East Asia & Pacific,Lower middle income,Hanoi,105.825,21.0069,100352192,433857681378.291,4323.35031982451,38.1298904418945,0.17647058823529413,0.16940337486599197,False
ID,16,3,3,IDN,Indonesia,East Asia & Pacific,Upper middle income,Jakarta,106.83,-6.19752,281190067,1371169301563.62,4876.30774512252,58.1179353397878,0.1875,0.05690101421683576,False
IN,16,0,1,IND,India,South Asia,Lower middle income,New Delhi,77.225,28.6353,1438069596,3638489096033.86,2530.12031278204,35.0676918424186,0.0,0.011126026198248058,False
KG,16,1,8,KGZ,Kyrgyz Republic,Europe & Central Asia,Lower middle income,Bishkek,74.6057,42.8851,7099750,15180842369.4894,2138.22210211478,34.706439175362,0.0625,2.253600478890102,False
MA,16,1,7,MAR,Morocco,"Middle East, North Africa, Afghanistan & Pakistan",Lower middle income,Rabat,-6.8704,33.9905,37712505,146036093666.762,3813.72607421875,62.673750838878,0.0625,0.4242624561799859,False
CO,15,3,3,COL,Colombia,Latin America & Caribbean,Upper middle income,Bogota,-74.082,4.60987,52321152,366291836137.916,7000.83660501046,78.275571579544,0.2,0.2866909352454625,False
PE,15,1,2,PER,Peru,Latin America & Caribbean,Upper middle income,Lima,-77.0465,-12.0931,33845617,266958720837.988,7887.54185920108,84.7810255849745,0.06666666666666667,0.44318884776129214,False
IQ,14,0,8,IRQ,Iraq,"Middle East, North Africa, Afghanistan & Pakistan",Upper middle income,Baghdad,44.394,33.3302,45074049,268881051643.549,5965.31835077761,69.868278503418,0.0,0.3106000084438831,False
KZ,14,0,8,KAZ,Kazakhstan,Europe & Central Asia,Upper middle income,Astana,71.4382,51.1879,20330104,261840101059.923,12879.4275257974,61.7560919499181,0.0,0.6886339587834869,False
DZ,13,1,5,DZA,Algeria,"Middle East, North Africa, Afghanistan & Pakistan",Upper middle income,Algiers,3.05097,36.7397,46164219,247923887214.655,5370.477235078,74.732808364138,0.07692307692307693,0.28160337771554195,False
MX,13,0,2,MEX,Mexico,Latin America & Caribbean,Upper middle income,Mexico City,-99.1276,19.427,129739759,1798317581486.88,13860.9597809326,79.4734935748046,0.0,0.10020058693033336,False
TJ,13,0,8,TJK,Tajikistan,Europe & Central Asia,Lower middle income,Dushanbe,68.7864,38.5878,10389799,12244169292.7998,1178.47990060249,26.1890127571429,0.0,1.2512272855326652,False
AT,12,0,9,AUT,Austria,Europe & Central Asia,High income,Vienna,16.3798,48.2201,9131761,516670509628.876,56579.504175468,69.2265358276021,0.0,1.3140948388815696,False
PT,12,3,3,PRT,Portugal,Europe & Central Asia,High income,Lisbon,-9.13552,38.7072,10578174,292323800948.839,27634.6183139773,61.2048652633664,0.25,1.1344112887536166,False
CH,11,0,6,CHE,Switzerland,Europe & Central Asia,High income,Bern,7.44821,46.948,8888822,894424821645.205,100623.549627296,85.1854212679815,0.0,1.2375093122575749,False
CZ,11,0,5,CZE,Czechia,Europe & Central Asia,High income,Prague,14.4205,50.0878,10864042,345059295659.911,31761.5944102491,72.7352388396817,0.0,1.0125144950654645,False
EG,11,2,5,EGY,"Egypt, Arab Rep.","Middle East, North Africa, Afghanistan & Pakistan",Lower middle income,Cairo,31.2461,30.0982,114535772,395926075163.006,3456.78968456253,42.7098115041919,0.18181818181818182,0.09603986429671946,False
GR,11,0,4,GRC,Greece,Europe & Central Asia,High income,Athens,23.7166,37.9792,10407351,242946187738.269,23343.7103964562,78.7746303842088,0.0,1.0569452303472804,False
JO,11,0,7,JOR,Jordan,"Middle East, North Africa, Afghanistan & Pakistan",Lower middle income,Amman,35.9263,31.9497,11439213,51088476338.0282,4466.08314208575,92.682236868336,0.0,0.9616046138838397,False
RO,11,0,7,ROU,Romania,Europe & Central Asia,High income,Bucharest,26.0979,44.4479,19061062,347757995758.914,18244.4186876321,52.1645747011867,0.0,0.5770927139316792,False
VE,11,2,2,VEN,"Venezuela, RB",Latin America & Caribbean,Not classified,Caracas,-69.8371,9.08165,28300854,102376526555.948,3617.43594578269,89.249627620225,0.18181818181818182,0.3886808504082597,False
BO,10,0,1,BOL,Bolivia,Latin America & Caribbean,Lower middle income,La Paz,-66.1936,-13.9908,12244159,52340206946.4544,4274.70820547613,70.9151414044538,0.0,0.8167159541133041,False
BR,10,1,0,BRA,Brazil,Latin America & Caribbean,Upper middle income,Brasilia,-47.9292,-15.7801,211140729,2191131869706.02,10377.5897719195,87.6159710235763,0.1,0.04736177641974515,False
DE,10,0,7,DEU,Germany,Europe & Central Asia,High income,Berlin,13.4115,52.5235,83287273,4562207532490.28,54776.7668235491,81.9034366692129,0.0,0.12006636356073275,False
HU,10,0,4,HUN,Hungary,Europe & Central Asia,High income,Budapest,19.0408,47.4984,9592186,213240316634.648,22230.6277875187,70.2923026891431,0.0,1.042515230626262,False
SK,10,0,4,SVK,Slovak Republic,Europe & Central Asia,High income,Bratislava,17.1073,48.1484,5426740,133578518423.544,24614.8734642794,53.190805019646,0.0,1.8427269410364235,False
TM,10,0,4,TKM,Turkmenistan,Europe & Central Asia,Upper middle income,Ashgabat,58.3794,37.9509,7364438,45894538665.5538,6231.91323839698,47.0678875054171,0.0,1.3578768671825332,False
TN,10,0,6,TUN,Tunisia,"Middle East, North Africa, Afghanistan & Pakistan",Lower middle income,Tunis,10.21,36.7899,12200431,48205328303.3398,3951.11683376921,70.0266686486584,0.0,0.8196431749009523,False
BG,9,0,1,BGR,Bulgaria,Europe & Central Asia,High income,Sofia,23.3238,42.7105,6446596,102199231384.542,15853.208636704,73.7322671584613,0.0,1.3960856241030148,False
ML,9,3,2,MLI,Mali,Sub-Saharan Africa,Low income,Bamako,-7.50034,13.5667,23769127,24813860598.5307,1043.9533853528,31.0031889023235,0.3333333333333333,0.3786424297366916,False
MR,9,1,6,MRT,Mauritania,Sub-Saharan Africa,Lower middle income,Nouakchott,-15.9824,18.2367,5022441,10726838461.3987,2135.78187606359,59.7142464747058,0.1111111111111111,1.7919573370797188,False
MY,9,1,3,MYS,Malaysia,East Asia & Pacific,Upper middle income,Kuala Lumpur,101.684,3.12433,35126298,399949418752.657,11386.0395636528,76.4434752105739,0.1111111111111111,0.25621828978391065,False
PS,9,0,5,PSE,West Bank and Gaza,"Middle East, North Africa, Afghanistan & Pakistan",Lower middle income,,,,5165775,17847900000.0,3455.02852911712,86.8576870415886,0.0,1.742236160111503,False
SY,9,2,4,SYR,Syrian Arab Republic,"Middle East, North Africa, Afghanistan & Pakistan",Low income,Damascus,36.3119,33.5146,23594623,,,72.1673803143204,0.2222222222222222,0.381442839752091,False
AM,8,0,1,ARM,Armenia,Europe & Central Asia,Upper middle income,Yerevan,44.509,40.1596,2964300,24185982215.6543,8159.08720967996,65.6956882008852,0.0,2.698782174543737,False
CU,8,0,2,CUB,Cuba,Latin America & Caribbean,Upper middle income,Havana,-82.3667,23.1333,11019931,,,77.1259872296321,0.0,0.7259573585351851,False
CY,8,0,5,CYP,Cyprus,Europe & Central Asia,High income,Nicosia,33.3736,35.1676,1344976,35075423857.0996,36623.69140625,66.6739477522639,0.0,5.9480615267484325,False
NG,8,0,2,NGA,Nigeria,Sub-Saharan Africa,Lower middle income,Abuja,7.48906,9.05804,227882945,487387801880.597,2138.76383719983,62.1746763155343,0.0,0.035105742555679186,False
BY,7,3,1,BLR,Belarus,Europe & Central Asia,Upper middle income,Minsk,27.5766,53.9678,9178298,72478760370.4258,7896.75388295584,78.8146420666327,0.42857142857142855,0.7626686342064727,False
EE,7,1,2,EST,Estonia,Europe & Central Asia,High income,Tallinn,24.7586,59.4392,1370286,41470344395.1086,30264.0064885057,70.6770085523126,0.14285714285714285,5.108422621263006,False
ET,7,0,1,ETH,Ethiopia,Sub-Saharan Africa,Not classified,Addis Ababa,38.7468,9.02274,128691692,135874093202.492,1055.81091592527,23.0586471557617,0.0,0.054393565670113345,False
KH,7,2,1,KHM,Cambodia,East Asia & Pacific,Lower middle income,Phnom Penh,104.874,11.5556,17423880,42335646895.7984,2429.74853452838,40.6290788072508,0.2857142857142857,0.40174748678250766,False
KW,7,0,5,KWT,Kuwait,"Middle East, North Africa, Afghanistan & Pakistan",High income,Kuwait City,47.9824,29.3721,4853420,165384407116.233,34075.849012909,100.0,0.0,1.4422819372730982,False
PH,7,2,1,PHL,Philippines,East Asia & Pacific,Lower middle income,Manila,121.035,14.5515,114891199,437055627244.424,3804.08274131097,55.1242716168851,0.2857142857142857,0.060927208184153425,False
PL,7,0,3,POL,Poland,Europe & Central Asia,High income,Warsaw,21.02,52.26,36687353,812451193396.143,22145.2660647429,59.8859561370214,0.0,0.19080144593696907,False
QA,7,0,7,QAT,Qatar,"Middle East, North Africa, Afghanistan & Pakistan",High income,Doha,51.5082,25.2948,2656032,217308516483.516,81816.9797967481,99.2835325193835,0.0,2.635510415537162,False
SI,7,0,3,SVN,Slovenia,Europe & Central Asia,High income,Ljubljana,14.5044,46.0546,2120461,69255264238.3855,32660.4753581346,55.5378927789875,0.0,3.301168943923043,False
UA,7,2,1,UKR,Ukraine,Europe & Central Asia,Upper middle income,Kiev,30.5038,50.4536,37732836,181221517868.744,5139.59814453125,69.4754455027606,0.2857142857142857,0.1855148126157281,False
BA,6,0,1,BIH,Bosnia and Herzegovina,Europe & Central Asia,Upper middle income,Sarajevo,18.4214,43.8607,3185073,27592361498.4057,8663.02326458629,51.5657239834305,0.0,1.8837872789728838,False
BD,6,0,0,BGD,Bangladesh,South Asia,Lower middle income,Dhaka,90.4113,23.7055,171466990,437415333018.291,2551.01773827307,32.1578465036834,0.0,0.03499215796579855,False
KE,6,5,0,KEN,Kenya,Sub-Saharan Africa,Lower middle income,Nairobi,36.8126,-1.27975,55339003,107500884685.013,1942.58802756191,31.6330340816429,0.8333333333333334,0.10842262553953132,False
LU,6,0,5,LUX,Luxembourg,Europe & Central Asia,High income,Luxembourg,6.1296,49.61,666430,88788881539.3937,133230.619178899,94.8015300320787,0.0,9.003196134627792,False
MK,6,1,3,MKD,North Macedonia,Europe & Central Asia,Upper middle income,Skopje,21.4361,42.0024,1827816,15855131188.9092,8674.35846327485,62.2518322545779,0.16666666666666666,3.2826061266560744,False
MW,6,0,2,MWI,Malawi,Sub-Saharan Africa,Low income,Lilongwe,33.7703,-13.9899,21104482,13363669672.9405,633.214767978695,16.9748746665356,0.0,0.2842997994454448,False
NO,6,0,3,NOR,Norway,Europe & Central Asia,High income,Oslo,10.7387,59.9138,5519601,482949731776.587,87497.2179649556,83.0718560702166,0.0,1.0870350954715748,False
RS,6,0,0,SRB,Serbia,Europe & Central Asia,Upper middle income,Belgrade,20.4656,44.8024,6623183,81343999280.0179,12281.707946167,62.1434649229738,0.0,0.9059088356761394,False
SD,6,0,4,SDN,Sudan,Sub-Saharan Africa,Low income,Khartoum,32.5363,15.5932,50042791,39898289820.7951,797.283447265625,34.7960076976764,0.0,0.11989738941618984,False
TH,6,0,1,THA,Thailand,East Asia & Pacific,Upper middle income,Bangkok,100.521,13.7308,71702435,515906283940.933,7195.10130919449,60.9341926574707,0.0,0.083679166544344,False
UG,6,5,0,UGA,Uganda,Sub-Saharan Africa,Low income,Kampala,32.5729,0.314269,48656601,48768955863.3175,1002.30913917142,30.6059359395495,0.8333333333333334,0.12331317594502747,False
YE,6,0,4,YEM,"Yemen, Rep.","Middle East, North Africa, Afghanistan & Pakistan",Low income,Sana'a,44.2075,15.352,39390799,,,36.5707979836506,0.0,0.15231983489342268,False
ZM,6,0,1,ZMB,Zambia,Sub-Saharan Africa,Lower middle income,Lusaka,28.2937,-15.3982,20723965,27577956471.244,1330.72780576709,45.0285853521585,0.0,0.2895198867591216,False
AF,5,0,4,AFG,Afghanistan,"Middle East, North Africa, Afghanistan & Pakistan",Low income,Kabul,69.1761,34.5228,41454761,17152234636.8715,413.757894705303,25.4730529631167,0.0,0.12061340795089857,False
AL,5,2,1,ALB,Albania,Europe & Central Asia,Upper middle income,Tirane,19.8172,41.3317,2414095,23491242727.4082,9730.86921906893,58.2106086137857,0.4,2.071169527296979,False
BH,5,0,4,BHR,Bahrain,"Middle East, North Africa, Afghanistan & Pakistan",High income,Manama,50.5354,26.1921,1577059,46192260638.2979,29290.1284215098,100.0,0.0,3.1704584292661213,False
CI,5,0,1,CIV,Cote d'Ivoire,Sub-Saharan Africa,Lower middle income,Yamoussoukro,-4.0305,5.332,31165654,80780312569.1646,2591.9659048119,53.4075201638704,0.0,0.160433020272894,False
DO,5,0,1,DOM,Dominican Republic,Latin America & Caribbean,Upper middle income,Santo Domingo,-69.8908,18.479,11331265,120456239153.739,10630.431743829,72.3577991823338,0.0,0.4412569999907336,False
GE,5,0,0,GEO,Georgia,Europe & Central Asia,Upper middle income,Tbilisi,44.793,41.71,3715483,30777833600.6515,8283.66960652261,60.7523077799724,0.0,1.3457200584688451,False
GT,5,1,1,GTM,Guatemala,Latin America & Caribbean,Upper middle income,Guatemala City,-90.5328,14.6248,18124838,104368755054.601,5758.32760847852,55.6082319565539,0.2,0.2758645346237026,False
IE,5,0,2,IRL,Ireland,Europe & Central Asia,High income,Dublin,-6.26749,53.3441,5311538,567372737459.116,106818.917130804,64.1152082461268,0.0,0.9413469319055988,False
KP,5,0,1,PRK,"Korea, Dem. People's Rep.",East Asia & Pacific,Low income,Pyongyang,125.754,39.0319,26418204,,,63.5382165423021,0.0,0.18926343365355192,False
MD,5,0,5,MDA,Moldova,Europe & Central Asia,Upper middle income,Chisinau,28.8497,47.0167,2457783,16711906746.2133,6799.58594644576,43.0011825561523,0.0,2.0343537244744554,False
NL,5,0,2,NLD,Netherlands,Europe & Central Asia,High income,Amsterdam,4.89095,52.3738,17877117,1135475867551.0,63515.6030780019,95.3221682092129,0.0,0.2796871553729833,False
PA,5,1,0,PAN,Panama,Latin America & Caribbean,High income,Panama City,-79.5188,8.99427,4458759,83812155244.3352,18797.1933994045,65.8601271176084,0.2,1.1213882607245649,False
AD,4,0,4,AND,Andorra,Europe & Central Asia,High income,Andorra la Vella,1.5218,42.5075,80856,3785065524.84754,46812.4261013102,88.8201609217082,0.0,49.47066389630949,False
AR,4,0,1,ARG,Argentina,Latin America & Caribbean,Upper middle income,Buenos Aires,-58.4173,-34.6118,45538401,649461687959.174,14261.8465667948,92.1945132257907,0.0,0.0878379546089025,False
BW,4,4,0,BWA,Botswana,Sub-Saharan Africa,Upper middle income,Gaborone,25.9201,-24.6544,2480244,19411266967.1044,7826.35376483298,67.0212655349864,1.0,1.6127445525520876,False
CL,4,1,1,CHL,Chile,Latin America & Caribbean,High income,Santiago,-70.6475,-33.475,19658835,335518054097.637,17067.0364799154,88.8158617217972,0.25,0.20347085674201956,False
CM,4,0,2,CMR,Cameroon,Sub-Saharan Africa,Lower middle income,Yaounde,11.5174,3.8721,28372687,48814501547.4313,1720.47510154506,55.1286878511388,0.0,0.1409806550926953,False
EC,4,0,2,ECU,Ecuador,Latin America & Caribbean,Upper middle income,Quito,-78.5243,-0.229498,17980083,121147057000.0,6737.84748379638,63.1307729554263,0.0,0.2224683834885523,False
FI,4,0,2,FIN,Finland,Europe & Central Asia,High income,Helsinki,24.9525,60.1608,5583911,295021982462.75,52834.2916752703,74.0062548602828,0.0,0.7163437955941634,False
LT,4,0,1,LTU,Lithuania,Europe & Central Asia,High income,Vilnius,25.2799,54.6896,2871585,79789877416.1681,27786.0057829276,68.575454583199,0.0,1.3929589407940215,False
MG,4,0,0,MDG,Madagascar,Sub-Saharan Africa,Low income,Antananarivo,45.7167,-20.4667,31195932,15869945477.8505,508.718427705591,31.9799438860946,0.0,0.12822184636124992,False
MU,4,1,0,MUS,Mauritius,Sub-Saharan Africa,Upper middle income,Port Louis,57.4977,-20.1605,1248647,14072212290.4596,11269.9684462139,39.0039901092226,0.25,3.203467433149641,False
PK,4,2,2,PAK,Pakistan,"Middle East, North Africa, Afghanistan & Pakistan",Lower middle income,Islamabad,72.8,30.5167,247504495,336686348609.266,1360.32417758419,38.8191861872791,0.5,0.016161322645877604,False
PY,4,2,0,PRY,Paraguay,Latin America & Caribbean,Upper middle income,Asuncion,-57.6362,-25.3005,6844146,43118053174.5461,6299.99026533713,69.3466081733694,0.5,0.5844410683232064,False
SE,4,0,2,SWE,Sweden,Europe & Central Asia,High income,Stockholm,18.0645,59.3327,10536632,578990915246.07,54950.2834725622,88.631216160938,0.0,0.37962794942444605,False
DJ,3,1,2,DJI,Djibouti,"Middle East, North Africa, Afghanistan & Pakistan",Lower middle income,Djibouti,43.1425,11.5806,1152944,3898447007.38798,3381.29779710722,72.8408245988921,0.3333333333333333,2.60203444399728,False
HT,3,0,1,HTI,Haiti,Latin America & Caribbean,Lower middle income,Port-au-Prince,-72.3288,18.5392,11637398,19850585722.3241,1705.75808460999,54.4496819335618,0.0,0.25778958492267773,False
JM,3,0,0,JAM,Jamaica,Latin America & Caribbean,Upper middle income,Kingston,-76.792,17.9927,2839786,21418804319.6395,7542.40084275345,58.4510149367429,0.0,1.0564176314694136,False
LA,3,0,0,LAO,Lao PDR,East Asia & Pacific,Lower middle income,Vientiane,102.177,18.5826,7664993,15843155731.2552,2066.94979776957,38.8070088517156,0.0,0.391389789918921,False
LB,3,0,1,LBN,Lebanon,"Middle East, North Africa, Afghanistan & Pakistan",Lower middle income,Beirut,35.5134,33.8872,5773493,20078620356.9931,3477.72489842684,90.4524074197598,0.0,0.5196161145427907,False
LK,3,0,0,LKA,Sri Lanka,South Asia,Lower middle income,Colombo,79.8528,6.92148,22037000,83716142582.1945,3798.89016573011,20.1455348442463,0.0,0.13613468257929845,False
LV,3,1,2,LVA,Latvia,Europe & Central Asia,High income,Riga,24.1048,56.9465,1883710,42779550936.838,22710.2637544197,68.3586316343061,0.3333333333333333,1.5926018336155778,False
MT,3,0,0,MLT,Malta,"Middle East, North Africa, Afghanistan & Pakistan",High income,Valletta,14.5189,35.9042,552747,22610561526.1461,40905.8059585057,95.6272277147965,0.0,5.42743786940499,False
MZ,3,1,1,MOZ,Mozambique,Sub-Saharan Africa,Low income,Maputo,32.5713,-25.9664,33635160,20921079532.6094,622.000297682823,35.7149783148407,0.3333333333333333,0.08919238083005998,False
SN,3,0,1,SEN,Senegal,Sub-Saharan Africa,Lower middle income,Dakar,-17.4734,14.7247,18077573,30696331295.7826,1698.03387300843,54.6992276190794,0.0,0.16595148032316062,False
TG,3,0,2,TGO,Togo,Sub-Saharan Africa,Low income,Lome,1.2255,6.1228,9304337,9816236302.58515,1055.01727877926,43.2496853032436,0.0,0.32243028170626237,False
BN,2,0,2,BRN,Brunei Darussalam,East Asia & Pacific,High income,Bandar Seri Begawan,114.946,4.94199,458949,15095084656.1634,32890.5491812019,74.8199193881365,0.0,4.3577826730203135,False
BZ,2,0,1,BLZ,Belize,Latin America & Caribbean,Upper middle income,Belmopan,-88.7713,17.2534,411106,3052362650.0,7424.75821321022,41.9459437504976,0.0,4.864925347720539,False
CG,2,0,2,COG,"Congo, Rep.",Sub-Saharan Africa,Lower middle income,Brazzaville,15.2662,-4.2767,6182885,15321055822.5167,2477.97845544866,63.6626757615625,0.0,0.3234735887858176,False
DK,2,0,1,DNK,Denmark,Europe & Central Asia,High income,Copenhagen,12.5681,55.6763,5946952,404651706117.557,68043.5466971243,88.552638542867,0.0,0.33630673326436805,False
GD,2,0,0,GRD,Grenada,Latin America & Caribbean,Upper middle income,Saint George's,-61.7449,12.0653,117081,1336418518.51852,11414.4781691181,36.462128238584,0.0,17.08219096181276,False
GH,2,0,0,GHA,Ghana,Sub-Saharan Africa,Lower middle income,Accra,-0.20795,5.57045,33787914,80547146878.3843,2383.90410483418,57.8074737774654,0.0,0.05919276342422323,False
HN,2,0,2,HND,Honduras,Latin America & Caribbean,Lower middle income,Tegucigalpa,-87.4667,15.1333,10644851,34355805527.9795,3227.45762509776,58.3132392705102,0.0,0.1878842644204226,False
IS,2,0,1,ISL,Iceland,Europe & Central Asia,High income,Reykjavik,-21.8952,64.1353,385663,31677891896.7861,82138.7892973557,94.1518261784801,0.0,5.1858747144527735,False
NA,2,1,0,NAM,Namibia,Sub-Saharan Africa,Lower middle income,Windhoek,17.0931,-22.5648,2963095,12408271449.2244,4187.60500396525,49.9545837830821,0.5,0.6749699216528663,False
NE,2,0,1,NER,Niger,Sub-Saharan Africa,Low income,Niamey,2.1073,13.514,26159867,16698786977.59,638.336080897887,17.7506873295237,0.0,0.07645298808285227,False
NI,2,0,1,NIC,Nicaragua,Latin America & Caribbean,Lower middle income,Managua,-86.2734,12.1475,6823613,17805842283.8725,2609.44492072931,59.1250953674316,0.0,0.293099857802604,False
RU,2,0,0,RUS,Russian Federation,Europe & Central Asia,High income,Moscow,37.6176,55.7558,143826130,2071505725030.58,14159.3876953125,74.9805047873279,0.0,0.013905679030646238,False
SG,2,0,1,SGP,Singapore,East Asia & Pacific,High income,Singapore,103.85,1.28941,5917648,505439514078.019,85412.230345235,100.0,0.0,0.33797211324499193,False
SO,2,0,2,SOM,"Somalia, Fed. Rep.",Sub-Saharan Africa,Low income,Mogadishu,45.3254,2.07515,18358615,10958000000.0,596.885985135589,54.0714435506882,0.0,0.10894067989333618,False
UY,2,0,1,URY,Uruguay,Latin America & Caribbean,High income,Montevideo,-56.0675,-34.8941,3388081,77991666837.7382,23019.4221560046,95.5439605712891,0.0,0.5903046591861293,False
ZW,2,0,1,ZWE,Zimbabwe,Sub-Saharan Africa,Lower middle income,Harare,31.0672,-17.8312,16340822,35871779680.6335,2195.22492079245,39.2919370795795,0.0,0.12239286371273123,False
AO,1,0,0,AGO,Angola,Sub-Saharan Africa,Lower middle income,Luanda,13.242,-8.81155,36749906,107167747140.127,2916.13663284275,69.8515032220457,0.0,0.027210953954548887,False
BB,1,1,0,BRB,Barbados,Latin America & Caribbean,High income,Bridgetown,-59.6105,13.0935,282336,7223250000.0,25583.878782727,59.4235740235775,1.0,3.541879179417432,False
BF,1,0,1,BFA,Burkina Faso,Sub-Saharan Africa,Low income,Ouagadougou,-1.53395,12.3605,23025776,20112614449.2039,873.482589651003,27.7872478365158,0.0,0.04342958951741735,False
BI,1,0,0,BDI,Burundi,Sub-Saharan Africa,Low income,Bujumbura,29.3639,-3.3784,13689450,3430949249.91221,250.627253097255,23.5534768372276,0.0,0.07304895375635982,False
BJ,1,0,1,BEN,Benin,Sub-Saharan Africa,Lower middle income,Porto-Novo,2.6323,6.4779,14111034,19673291004.1444,1394.17784721831,51.7457922964593,0.0,0.07086652898717415,False
BS,1,0,0,BHS,"Bahamas, The",Latin America & Caribbean,High income,Nassau,-77.339,25.0661,399440,15271300000.0,38231.774484278,81.3213799173676,0.0,2.5035049068696176,False
BT,1,0,0,BTN,Bhutan,South Asia,Lower middle income,Thimphu,89.6177,27.5768,786385,3012896789.24928,3831.32535494609,41.7352457989939,0.0,1.2716417530853208,False
CD,1,0,1,COD,"Congo, Dem. Rep.",Sub-Saharan Africa,Low income,Kinshasa,15.3222,-4.325,105789731,69843655425.2929,660.21205238997,44.3754734892194,0.0,0.009452713326211218,False
CF,1,0,0,CAF,Central African Republic,Sub-Saharan Africa,Low income,Bangui,21.6407,5.63056,5152421,2555492085.94725,495.978897288721,43.6983692134165,0.0,0.19408351918447656,False
CR,1,0,0,CRI,Costa Rica,Latin America & Caribbean,High income,San Jose,-84.0089,9.63701,5105525,86497941439.0174,16942.0268119375,78.8819393641702,0.0,0.19586624294269442,False
CV,1,0,0,CPV,Cabo Verde,Sub-Saharan Africa,Upper middle income,Praia,-23.5087,14.9218,522331,2504525548.71164,4794.90121917259,75.9064245753376,0.0,1.9144948318212016,False
FM,1,1,0,FSM,"Micronesia, Fed. Sts.",East Asia & Pacific,Lower middle income,Palikir,158.185,6.91771,112630,441469400.0,3919.64307910859,22.4334012451903,1.0,8.878629139660838,False
GA,1,0,1,GAB,Gabon,Sub-Saharan Africa,Upper middle income,Libreville,9.45162,0.38832,2484789,19388372070.9778,7802.82433276138,91.6375962797313,0.0,0.4024486586184984,False
GM,1,0,1,GMB,"Gambia, The",Sub-Saharan Africa,Low income,Banjul,-16.5885,13.4495,2697845,2382262184.68273,883.024111719809,63.8020182456108,0.0,0.37066621692499013,False
GN,1,0,0,GIN,Guinea,Sub-Saharan Africa,Lower middle income,Conakry,-13.7,9.51667,14405468,22407615556.0571,1555.49375806861,37.6454083954705,0.0,0.0694180848550009,False
KM,1,0,1,COM,Comoros,Sub-Saharan Africa,Lower middle income,Moroni,43.2418,-11.6986,850387,1326836543.00797,1560.27378476855,33.1502180946901,0.0,1.1759351918597063,False
LY,1,0,1,LBY,Libya,"Middle East, North Africa, Afghanistan & Pakistan",Upper middle income,Tripoli,13.1072,32.8578,7305659,44027664915.187,6026.51518708812,87.8647197919848,0.0,0.13688019109569718,False
ME,1,0,0,MNE,Montenegro,Europe & Central Asia,Upper middle income,Podgorica,19.2595,42.4602,623529,7644389159.84471,12259.8775034436,65.4731667624849,0.0,1.6037746440021234,False
MM,1,0,0,MMR,Myanmar,East Asia & Pacific,Lower middle income,Naypyidaw,95.9562,21.914,54133798,66757619000.0,1233.19666209269,30.3820718069466,0.0,0.018472747838605377,False
RW,1,0,0,RWA,Rwanda,Sub-Saharan Africa,Low income,Kigali,30.0587,-1.95325,13954471,14331722703.4134,1027.03446826565,28.8555310645477,0.0,0.07166162013594066,False
SC,1,0,0,SYC,Seychelles,Sub-Saharan Africa,High income,Victoria,55.4466,-4.6309,119773,2187379754.66167,18262.7115849287,45.0971081321658,0.0,8.349127098761825,False
ST,1,0,0,STP,Sao Tome and Principe,Sub-Saharan Africa,Lower middle income,Sao Tome,6.6071,0.20618,230871,690456806.696406,2990.6606143535,68.6043921103568,0.0,4.331423175712844,False
SV,1,0,0,SLV,El Salvador,Latin America & Caribbean,Upper middle income,San Salvador,-89.2073,13.7034,6309624,33853940000.0,5365.44491399171,74.6080675149903,0.0,0.15848804936712552,False
TD,1,0,1,TCD,Chad,Sub-Saharan Africa,Low income,N'Djamena,15.0445,12.1048,19319064,18340233748.8805,949.333453674592,26.3305395171046,0.0,0.05176234210932786,False
TL,1,1,0,TLS,Timor-Leste,East Asia & Pacific,Lower middle income,Dili,125.567,-8.56667,1384286,2079767170.22651,1502.41147438211,28.595471832952,1.0,0.7223940717452897,False
TO,1,0,0,TON,Tonga,East Asia & Pacific,Upper middle income,Nuku'alofa,-175.216,-21.136,104597,591139749.44287,5651.59373063157,21.147944541337,0.0,9.560503647332142,False
VU,1,0,0,VUT,Vanuatu,East Asia & Pacific,Lower middle income,Port-Vila,168.321,-17.7404,320409,1115861055.72463,3482.61458237637,22.2651966823901,0.0,3.121010957869473,False
WS,1,0,0,WSM,Samoa,East Asia & Pacific,Upper middle income,Apia,-171.752,-13.8314,216663,1044909500.02527,4822.74084650019,17.5012799804602,0.0,4.615462723215316,False
