source_iso2,target_iso2,weight,shared_elements
AE,OM,13,ccb2762a-e642-4183-8f49-58080ced3789;92470e3c-7900-4aec-b868-27a471318cca;629a762c-88d9-445a-a48e-1baf55e0ec26;b86cf78b-7808-4164-ac4f-d73669f277c9;819cb804-4227-4287-875d-358499c3ace0;5de032de-fad4-4b2c-9d76-9091cdc96e53;072a75fd-aaff-4c3e-854b-dceb6fe413c2;ad9dc176-bf69-494a-af8f-2fab74fdaa1e;7ab06f28-d392-4dfa-b0e9-c6df7030f431;2be33da8-6e3c-459c-be6b-13aaa60d4108;6d8dce5e-c21d-4662-910c-24c58ed6e39f;17f3a899-b347-46b8-ab07-3dc10281b914;bead3bc0-2445-4e15-9e36-66a5a33a4fc9
AZ,TR,11,d9ea2e64-e78f-4760-bb88-5ee020420760;9d1ac534-0e1f-4a09-bf8c-cdd018ae1816;5abf947b-d9c5-4efc-8766-9898f4cb3a20;0a4b0d89-b2ff-4c63-877a-d0aa7099fc8c;1b8a28b7-ac46-4b2e-b6a6-fc01af14a679;dca385eb-fc21-410a-827b-e111344958ba;ae0c39e5-055f-43bd-b38a-fac631aad287;c9888034-f64d-4d58-833f-fa3ef386f485;fc3ddd73-2752-49b1-9d47-a927b441a0d6;fcd7a93d-fb62-4ae8-a5d6-950a20e1bb97;1fbd4b97-7cc2-4d79-ab43-aaebc308aaef
AE,SA,10,b86cf78b-7808-4164-ac4f-d73669f277c9;5de032de-fad4-4b2c-9d76-9091cdc96e53;75bda6cf-c9fd-4259-a8b2-807ea6b29ea0;072a75fd-aaff-4c3e-854b-dceb6fe413c2;ad9dc176-bf69-494a-af8f-2fab74fdaa1e;7ab06f28-d392-4dfa-b0e9-c6df7030f431;2be33da8-6e3c-459c-be6b-13aaa60d4108;6d8dce5e-c21d-4662-910c-24c58ed6e39f;17f3a899-b347-46b8-ab07-3dc10281b914;bead3bc0-2445-4e15-9e36-66a5a33a4fc9
OM,SA,9,b86cf78b-7808-4164-ac4f-d73669f277c9;5de032de-fad4-4b2c-9d76-9091cdc96e53;072a75fd-aaff-4c3e-854b-dceb6fe413c2;ad9dc176-bf69-494a-af8f-2fab74fdaa1e;7ab06f28-d392-4dfa-b0e9-c6df7030f431;2be33da8-6e3c-459c-be6b-13aaa60d4108;6d8dce5e-c21d-4662-910c-24c58ed6e39f;17f3a899-b347-46b8-ab07-3dc10281b914;bead3bc0-2445-4e15-9e36-66a5a33a4fc9
AE,JO,7,5de032de-fad4-4b2c-9d76-9091cdc96e53;ad9dc176-bf69-494a-af8f-2fab74fdaa1e;2be33da8-6e3c-459c-be6b-13aaa60d4108;6d8dce5e-c21d-4662-910c-24c58ed6e39f;17f3a899-b347-46b8-ab07-3dc10281b914;4b2ae2b6-6295-4765-95d5-6efd3459ef4d;bead3bc0-2445-4e15-9e36-66a5a33a4fc9
AZ,IR,7,d9ea2e64-e78f-4760-bb88-5ee020420760;aaefb3ab-6bbf-4cc4-82e5-3e9a152a4f6c;5abf947b-d9c5-4efc-8766-9898f4cb3a20;dca385eb-fc21-410a-827b-e111344958ba;fc3ddd73-2752-49b1-9d47-a927b441a0d6;fcd7a93d-fb62-4ae8-a5d6-950a20e1bb97;1fbd4b97-7cc2-4d79-ab43-aaebc308aaef
FR,IT,7,a483aedb-ae87-43d7-ad9f-23cb8087cb0b;458698c4-161b-4ec5-99b1-9b9d0cfb01f6;d136c853-3bdd-47c7-aee0-e6472519b861;75bda6cf-c9fd-4259-a8b2-807ea6b29ea0;0757c111-b673-492b-b13e-0ff879712f17;9fa600ce-5ecf-4b19-9464-00052ab2eecb;73f4141d-32ef-4dc3-9f98-0afd988a8b0d
KG,KZ,7,c1b54775-ffb8-4772-8ba2-96a9f08db5bf;d9ea2e64-e78f-4760-bb88-5ee020420760;e8682c48-d848-4e67-b135-4a1f6f255287;75bda6cf-c9fd-4259-a8b2-807ea6b29ea0;0a4b0d89-b2ff-4c63-877a-d0aa7099fc8c;1fbd4b97-7cc2-4d79-ab43-aaebc308aaef;7f711805-1178-48fd-b3a1-b4b89a0cd37c
QA,SA,7,b86cf78b-7808-4164-ac4f-d73669f277c9;75bda6cf-c9fd-4259-a8b2-807ea6b29ea0;ad9dc176-bf69-494a-af8f-2fab74fdaa1e;2be33da8-6e3c-459c-be6b-13aaa60d4108;6d8dce5e-c21d-4662-910c-24c58ed6e39f;17f3a899-b347-46b8-ab07-3dc10281b914;1bc21796-3307-4bcf-91c1-907620520017
AE,IQ,6,5de032de-fad4-4b2c-9d76-9091cdc96e53;ad9dc176-bf69-494a-af8f-2fab74fdaa1e;6d8dce5e-c21d-4662-910c-24c58ed6e39f;17f3a899-b347-46b8-ab07-3dc10281b914;4b2ae2b6-6295-4765-95d5-6efd3459ef4d;bead3bc0-2445-4e15-9e36-66a5a33a4fc9
AE,QA,6,b86cf78b-7808-4164-ac4f-d73669f277c9;75bda6cf-c9fd-4259-a8b2-807ea6b29ea0;ad9dc176-bf69-494a-af8f-2fab74fdaa1e;2be33da8-6e3c-459c-be6b-13aaa60d4108;6d8dce5e-c21d-4662-910c-24c58ed6e39f;17f3a899-b347-46b8-ab07-3dc10281b914
AZ,UZ,6,5abf947b-d9c5-4efc-8766-9898f4cb3a20;0a4b0d89-b2ff-4c63-877a-d0aa7099fc8c;dca385eb-fc21-410a-827b-e111344958ba;fc3ddd73-2752-49b1-9d47-a927b441a0d6;fcd7a93d-fb62-4ae8-a5d6-950a20e1bb97;1fbd4b97-7cc2-4d79-ab43-aaebc308aaef
BE,FR,6,103c2565-2777-44b9-89f2-e7857be0c799;458698c4-161b-4ec5-99b1-9b9d0cfb01f6;75bda6cf-c9fd-4259-a8b2-807ea6b29ea0;0757c111-b673-492b-b13e-0ff879712f17;4eebf792-5392-4814-b38f-cef6470460aa;73f4141d-32ef-4dc3-9f98-0afd988a8b0d
HR,IT,6,52dcb3e1-37dc-4bb8-843c-67be400d7a0e;75bda6cf-c9fd-4259-a8b2-807ea6b29ea0;0757c111-b673-492b-b13e-0ff879712f17;a04c3e78-59da-4f7e-aaae-4194282fe749;9fa600ce-5ecf-4b19-9464-00052ab2eecb;73f4141d-32ef-4dc3-9f98-0afd988a8b0d
IQ,JO,6,5de032de-fad4-4b2c-9d76-9091cdc96e53;ad9dc176-bf69-494a-af8f-2fab74fdaa1e;6d8dce5e-c21d-4662-910c-24c58ed6e39f;17f3a899-b347-46b8-ab07-3dc10281b914;4b2ae2b6-6295-4765-95d5-6efd3459ef4d;bead3bc0-2445-4e15-9e36-66a5a33a4fc9
IQ,SA,6,5de032de-fad4-4b2c-9d76-9091cdc96e53;ad9dc176-bf69-494a-af8f-2fab74fdaa1e;7d14e3c4-30d7-4894-baa8-e6956a9ecba6;6d8dce5e-c21d-4662-910c-24c58ed6e39f;17f3a899-b347-46b8-ab07-3dc10281b914;bead3bc0-2445-4e15-9e36-66a5a33a4fc9
IR,TJ,6,dca385eb-fc21-410a-827b-e111344958ba;408e1fe5-8e39-470d-b685-21b0aac535dd;fcd7a93d-fb62-4ae8-a5d6-950a20e1bb97;1fbd4b97-7cc2-4d79-ab43-aaebc308aaef;457751d5-74b0-45c0-bb9d-ad3b4258288d;47729781-0bdd-41fb-9b80-bb5bb21c8413
IR,TR,6,d9ea2e64-e78f-4760-bb88-5ee020420760;5abf947b-d9c5-4efc-8766-9898f4cb3a20;dca385eb-fc21-410a-827b-e111344958ba;fc3ddd73-2752-49b1-9d47-a927b441a0d6;fcd7a93d-fb62-4ae8-a5d6-950a20e1bb97;1fbd4b97-7cc2-4d79-ab43-aaebc308aaef
IR,UZ,6,5abf947b-d9c5-4efc-8766-9898f4cb3a20;dca385eb-fc21-410a-827b-e111344958ba;fc3ddd73-2752-49b1-9d47-a927b441a0d6;fcd7a93d-fb62-4ae8-a5d6-950a20e1bb97;1fbd4b97-7cc2-4d79-ab43-aaebc308aaef;457751d5-74b0-45c0-bb9d-ad3b4258288d
JO,OM,6,5de032de-fad4-4b2c-9d76-9091cdc96e53;ad9dc176-bf69-494a-af8f-2fab74fdaa1e;2be33da8-6e3c-459c-be6b-13aaa60d4108;6d8dce5e-c21d-4662-910c-24c58ed6e39f;17f3a899-b347-46b8-ab07-3dc10281b914;bead3bc0-2445-4e15-9e36-66a5a33a4fc9
JO,SA,6,5de032de-fad4-4b2c-9d76-9091cdc96e53;ad9dc176-bf69-494a-af8f-2fab74fdaa1e;2be33da8-6e3c-459c-be6b-13aaa60d4108;6d8dce5e-c21d-4662-910c-24c58ed6e39f;17f3a899-b347-46b8-ab07-3dc10281b914;bead3bc0-2445-4e15-9e36-66a5a33a4fc9
TJ,UZ,6,c1a70929-53c4-4107-875c-7088db2361b0;0a4b0d89-b2ff-4c63-877a-d0aa7099fc8c;dca385eb-fc21-410a-827b-e111344958ba;fcd7a93d-fb62-4ae8-a5d6-950a20e1bb97;1fbd4b97-7cc2-4d79-ab43-aaebc308aaef;457751d5-74b0-45c0-bb9d-ad3b4258288d
TR,UZ,6,5abf947b-d9c5-4efc-8766-9898f4cb3a20;0a4b0d89-b2ff-4c63-877a-d0aa7099fc8c;dca385eb-fc21-410a-827b-e111344958ba;fc3ddd73-2752-49b1-9d47-a927b441a0d6;fcd7a93d-fb62-4ae8-a5d6-950a20e1bb97;1fbd4b97-7cc2-4d79-ab43-aaebc308aaef
AT,DE,5,10a0019b-0c61-4561-97dc-11fe8bd12aad;b272131f-8e6f-4fc6-9eb1-3ff3fd3464e9;75bda6cf-c9fd-4259-a8b2-807ea6b29ea0;da4d32f6-6d6c-492f-8f9b-621c8f039c60;d0536760-ba45-4308-be32-74154c693cac
AT,IT,5,75bda6cf-c9fd-4259-a8b2-807ea6b29ea0;a04c3e78-59da-4f7e-aaae-4194282fe749;9fa600ce-5ecf-4b19-9464-00052ab2eecb;d0536760-ba45-4308-be32-74154c693cac;73f4141d-32ef-4dc3-9f98-0afd988a8b0d
BE,IT,5,458698c4-161b-4ec5-99b1-9b9d0cfb01f6;75bda6cf-c9fd-4259-a8b2-807ea6b29ea0;0757c111-b673-492b-b13e-0ff879712f17;d0536760-ba45-4308-be32-74154c693cac;73f4141d-32ef-4dc3-9f98-0afd988a8b0d
EG,SA,5,5de032de-fad4-4b2c-9d76-9091cdc96e53;ad9dc176-bf69-494a-af8f-2fab74fdaa1e;7d14e3c4-30d7-4894-baa8-e6956a9ecba6;6d8dce5e-c21d-4662-910c-24c58ed6e39f;bee2d8ce-538c-4311-95c5-48865c3723f7
ES,FR,5,7335552f-7665-4b29-b596-c762a2d6f961;75bda6cf-c9fd-4259-a8b2-807ea6b29ea0;9fa600ce-5ecf-4b19-9464-00052ab2eecb;e4f84e99-d1ab-4737-96af-ab446ae5365e;73f4141d-32ef-4dc3-9f98-0afd988a8b0d
ES,IT,5,52dcb3e1-37dc-4bb8-843c-67be400d7a0e;75bda6cf-c9fd-4259-a8b2-807ea6b29ea0;9fa600ce-5ecf-4b19-9464-00052ab2eecb;73f4141d-32ef-4dc3-9f98-0afd988a8b0d;ee833c45-fcdd-492e-b1f5-f99446a09f57
IQ,MR,5,5de032de-fad4-4b2c-9d76-9091cdc96e53;ad9dc176-bf69-494a-af8f-2fab74fdaa1e;7d14e3c4-30d7-4894-baa8-e6956a9ecba6;6d8dce5e-c21d-4662-910c-24c58ed6e39f;4b2ae2b6-6295-4765-95d5-6efd3459ef4d
IQ,OM,5,5de032de-fad4-4b2c-9d76-9091cdc96e53;ad9dc176-bf69-494a-af8f-2fab74fdaa1e;6d8dce5e-c21d-4662-910c-24c58ed6e39f;17f3a899-b347-46b8-ab07-3dc10281b914;bead3bc0-2445-4e15-9e36-66a5a33a4fc9
IQ,PS,5,5de032de-fad4-4b2c-9d76-9091cdc96e53;ad9dc176-bf69-494a-af8f-2fab74fdaa1e;7d14e3c4-30d7-4894-baa8-e6956a9ecba6;6d8dce5e-c21d-4662-910c-24c58ed6e39f;bead3bc0-2445-4e15-9e36-66a5a33a4fc9
IQ,TN,5,5de032de-fad4-4b2c-9d76-9091cdc96e53;ad9dc176-bf69-494a-af8f-2fab74fdaa1e;7d14e3c4-30d7-4894-baa8-e6956a9ecba6;6d8dce5e-c21d-4662-910c-24c58ed6e39f;bead3bc0-2445-4e15-9e36-66a5a33a4fc9
KW,SA,5,5de032de-fad4-4b2c-9d76-9091cdc96e53;ad9dc176-bf69-494a-af8f-2fab74fdaa1e;6d8dce5e-c21d-4662-910c-24c58ed6e39f;17f3a899-b347-46b8-ab07-3dc10281b914;1bc21796-3307-4bcf-91c1-907620520017
KZ,TR,5,d9ea2e64-e78f-4760-bb88-5ee020420760;9d1ac534-0e1f-4a09-bf8c-cdd018ae1816;e8682c48-d848-4e67-b135-4a1f6f255287;0a4b0d89-b2ff-4c63-877a-d0aa7099fc8c;1fbd4b97-7cc2-4d79-ab43-aaebc308aaef
MA,MR,5,38a8aa6b-6e7e-4045-b693-eb9e5c0b2b64;5de032de-fad4-4b2c-9d76-9091cdc96e53;ad9dc176-bf69-494a-af8f-2fab74fdaa1e;7d14e3c4-30d7-4894-baa8-e6956a9ecba6;6d8dce5e-c21d-4662-910c-24c58ed6e39f
MA,SA,5,5de032de-fad4-4b2c-9d76-9091cdc96e53;75bda6cf-c9fd-4259-a8b2-807ea6b29ea0;ad9dc176-bf69-494a-af8f-2fab74fdaa1e;7d14e3c4-30d7-4894-baa8-e6956a9ecba6;6d8dce5e-c21d-4662-910c-24c58ed6e39f
MA,TN,5,38a8aa6b-6e7e-4045-b693-eb9e5c0b2b64;5de032de-fad4-4b2c-9d76-9091cdc96e53;ad9dc176-bf69-494a-af8f-2fab74fdaa1e;7d14e3c4-30d7-4894-baa8-e6956a9ecba6;6d8dce5e-c21d-4662-910c-24c58ed6e39f
MD,RO,5,2796889a-84b0-4be2-b061-d9efe9099002;67137486-dbe0-48ab-a750-778abe1c161f;4733c4f8-452e-4268-a180-82a3053a2a1d;4b19418b-a84b-497f-a638-1a0df1097350;234407cc-1b45-40cb-bbb7-cfc22cdf03ef
MR,TN,5,38a8aa6b-6e7e-4045-b693-eb9e5c0b2b64;5de032de-fad4-4b2c-9d76-9091cdc96e53;ad9dc176-bf69-494a-af8f-2fab74fdaa1e;7d14e3c4-30d7-4894-baa8-e6956a9ecba6;6d8dce5e-c21d-4662-910c-24c58ed6e39f
OM,QA,5,b86cf78b-7808-4164-ac4f-d73669f277c9;ad9dc176-bf69-494a-af8f-2fab74fdaa1e;2be33da8-6e3c-459c-be6b-13aaa60d4108;6d8dce5e-c21d-4662-910c-24c58ed6e39f;17f3a899-b347-46b8-ab07-3dc10281b914
PS,SA,5,5de032de-fad4-4b2c-9d76-9091cdc96e53;ad9dc176-bf69-494a-af8f-2fab74fdaa1e;7d14e3c4-30d7-4894-baa8-e6956a9ecba6;6d8dce5e-c21d-4662-910c-24c58ed6e39f;bead3bc0-2445-4e15-9e36-66a5a33a4fc9
PS,TN,5,5de032de-fad4-4b2c-9d76-9091cdc96e53;ad9dc176-bf69-494a-af8f-2fab74fdaa1e;7d14e3c4-30d7-4894-baa8-e6956a9ecba6;6d8dce5e-c21d-4662-910c-24c58ed6e39f;bead3bc0-2445-4e15-9e36-66a5a33a4fc9
SA,TN,5,5de032de-fad4-4b2c-9d76-9091cdc96e53;ad9dc176-bf69-494a-af8f-2fab74fdaa1e;7d14e3c4-30d7-4894-baa8-e6956a9ecba6;6d8dce5e-c21d-4662-910c-24c58ed6e39f;bead3bc0-2445-4e15-9e36-66a5a33a4fc9
AD,FR,4,7335552f-7665-4b29-b596-c762a2d6f961;c1582623-92ac-4137-9c8c-fe624fccbf91;9fa600ce-5ecf-4b19-9464-00052ab2eecb;73f4141d-32ef-4dc3-9f98-0afd988a8b0d
AE,BH,4,5de032de-fad4-4b2c-9d76-9091cdc96e53;ad9dc176-bf69-494a-af8f-2fab74fdaa1e;6d8dce5e-c21d-4662-910c-24c58ed6e39f;17f3a899-b347-46b8-ab07-3dc10281b914
AE,KW,4,5de032de-fad4-4b2c-9d76-9091cdc96e53;ad9dc176-bf69-494a-af8f-2fab74fdaa1e;6d8dce5e-c21d-4662-910c-24c58ed6e39f;17f3a899-b347-46b8-ab07-3dc10281b914
AE,MA,4,5de032de-fad4-4b2c-9d76-9091cdc96e53;75bda6cf-c9fd-4259-a8b2-807ea6b29ea0;ad9dc176-bf69-494a-af8f-2fab74fdaa1e;6d8dce5e-c21d-4662-910c-24c58ed6e39f
AE,MR,4,5de032de-fad4-4b2c-9d76-9091cdc96e53;ad9dc176-bf69-494a-af8f-2fab74fdaa1e;6d8dce5e-c21d-4662-910c-24c58ed6e39f;4b2ae2b6-6295-4765-95d5-6efd3459ef4d
AE,PS,4,5de032de-fad4-4b2c-9d76-9091cdc96e53;ad9dc176-bf69-494a-af8f-2fab74fdaa1e;6d8dce5e-c21d-4662-910c-24c58ed6e39f;bead3bc0-2445-4e15-9e36-66a5a33a4fc9
AE,TN,4,5de032de-fad4-4b2c-9d76-9091cdc96e53;ad9dc176-bf69-494a-af8f-2fab74fdaa1e;6d8dce5e-c21d-4662-910c-24c58ed6e39f;bead3bc0-2445-4e15-9e36-66a5a33a4fc9
AF,IR,4,d011c56e-46b6-4dd7-92ff-6ea1ea13dc46;dca385eb-fc21-410a-827b-e111344958ba;1fbd4b97-7cc2-4d79-ab43-aaebc308aaef;457751d5-74b0-45c0-bb9d-ad3b4258288d
AT,CH,4,2d981121-fdf1-4687-b1a1-dc8b2b728b26;b272131f-8e6f-4fc6-9eb1-3ff3fd3464e9;d0536760-ba45-4308-be32-74154c693cac;73f4141d-32ef-4dc3-9f98-0afd988a8b0d
AT,ES,4,75bda6cf-c9fd-4259-a8b2-807ea6b29ea0;da4d32f6-6d6c-492f-8f9b-621c8f039c60;9fa600ce-5ecf-4b19-9464-00052ab2eecb;73f4141d-32ef-4dc3-9f98-0afd988a8b0d
AT,FR,4,b272131f-8e6f-4fc6-9eb1-3ff3fd3464e9;75bda6cf-c9fd-4259-a8b2-807ea6b29ea0;9fa600ce-5ecf-4b19-9464-00052ab2eecb;73f4141d-32ef-4dc3-9f98-0afd988a8b0d
AT,HR,4,75bda6cf-c9fd-4259-a8b2-807ea6b29ea0;a04c3e78-59da-4f7e-aaae-4194282fe749;9fa600ce-5ecf-4b19-9464-00052ab2eecb;73f4141d-32ef-4dc3-9f98-0afd988a8b0d
AZ,KZ,4,d9ea2e64-e78f-4760-bb88-5ee020420760;9d1ac534-0e1f-4a09-bf8c-cdd018ae1816;0a4b0d89-b2ff-4c63-877a-d0aa7099fc8c;1fbd4b97-7cc2-4d79-ab43-aaebc308aaef
AZ,TJ,4,0a4b0d89-b2ff-4c63-877a-d0aa7099fc8c;dca385eb-fc21-410a-827b-e111344958ba;fcd7a93d-fb62-4ae8-a5d6-950a20e1bb97;1fbd4b97-7cc2-4d79-ab43-aaebc308aaef
BH,IQ,4,5de032de-fad4-4b2c-9d76-9091cdc96e53;ad9dc176-bf69-494a-af8f-2fab74fdaa1e;6d8dce5e-c21d-4662-910c-24c58ed6e39f;17f3a899-b347-46b8-ab07-3dc10281b914
BH,JO,4,5de032de-fad4-4b2c-9d76-9091cdc96e53;ad9dc176-bf69-494a-af8f-2fab74fdaa1e;6d8dce5e-c21d-4662-910c-24c58ed6e39f;17f3a899-b347-46b8-ab07-3dc10281b914
BH,KW,4,5de032de-fad4-4b2c-9d76-9091cdc96e53;ad9dc176-bf69-494a-af8f-2fab74fdaa1e;6d8dce5e-c21d-4662-910c-24c58ed6e39f;17f3a899-b347-46b8-ab07-3dc10281b914
BH,OM,4,5de032de-fad4-4b2c-9d76-9091cdc96e53;ad9dc176-bf69-494a-af8f-2fab74fdaa1e;6d8dce5e-c21d-4662-910c-24c58ed6e39f;17f3a899-b347-46b8-ab07-3dc10281b914
BH,SA,4,5de032de-fad4-4b2c-9d76-9091cdc96e53;ad9dc176-bf69-494a-af8f-2fab74fdaa1e;6d8dce5e-c21d-4662-910c-24c58ed6e39f;17f3a899-b347-46b8-ab07-3dc10281b914
CH,FR,4,a483aedb-ae87-43d7-ad9f-23cb8087cb0b;87d9f693-fc85-4f2c-9952-30812e222166;b272131f-8e6f-4fc6-9eb1-3ff3fd3464e9;73f4141d-32ef-4dc3-9f98-0afd988a8b0d
CZ,DE,4,10a0019b-0c61-4561-97dc-11fe8bd12aad;75bda6cf-c9fd-4259-a8b2-807ea6b29ea0;da4d32f6-6d6c-492f-8f9b-621c8f039c60;e4f84e99-d1ab-4737-96af-ab446ae5365e
DZ,MA,4,38a8aa6b-6e7e-4045-b693-eb9e5c0b2b64;5de032de-fad4-4b2c-9d76-9091cdc96e53;7d14e3c4-30d7-4894-baa8-e6956a9ecba6;6d8dce5e-c21d-4662-910c-24c58ed6e39f
DZ,MR,4,38a8aa6b-6e7e-4045-b693-eb9e5c0b2b64;5de032de-fad4-4b2c-9d76-9091cdc96e53;7d14e3c4-30d7-4894-baa8-e6956a9ecba6;6d8dce5e-c21d-4662-910c-24c58ed6e39f
DZ,TN,4,38a8aa6b-6e7e-4045-b693-eb9e5c0b2b64;5de032de-fad4-4b2c-9d76-9091cdc96e53;7d14e3c4-30d7-4894-baa8-e6956a9ecba6;6d8dce5e-c21d-4662-910c-24c58ed6e39f
EG,IQ,4,5de032de-fad4-4b2c-9d76-9091cdc96e53;ad9dc176-bf69-494a-af8f-2fab74fdaa1e;7d14e3c4-30d7-4894-baa8-e6956a9ecba6;6d8dce5e-c21d-4662-910c-24c58ed6e39f
EG,MA,4,5de032de-fad4-4b2c-9d76-9091cdc96e53;ad9dc176-bf69-494a-af8f-2fab74fdaa1e;7d14e3c4-30d7-4894-baa8-e6956a9ecba6;6d8dce5e-c21d-4662-910c-24c58ed6e39f
EG,MR,4,5de032de-fad4-4b2c-9d76-9091cdc96e53;ad9dc176-bf69-494a-af8f-2fab74fdaa1e;7d14e3c4-30d7-4894-baa8-e6956a9ecba6;6d8dce5e-c21d-4662-910c-24c58ed6e39f
EG,PS,4,5de032de-fad4-4b2c-9d76-9091cdc96e53;ad9dc176-bf69-494a-af8f-2fab74fdaa1e;7d14e3c4-30d7-4894-baa8-e6956a9ecba6;6d8dce5e-c21d-4662-910c-24c58ed6e39f
EG,SD,4,5de032de-fad4-4b2c-9d76-9091cdc96e53;ad9dc176-bf69-494a-af8f-2fab74fdaa1e;7d14e3c4-30d7-4894-baa8-e6956a9ecba6;6d8dce5e-c21d-4662-910c-24c58ed6e39f
EG,TN,4,5de032de-fad4-4b2c-9d76-9091cdc96e53;ad9dc176-bf69-494a-af8f-2fab74fdaa1e;7d14e3c4-30d7-4894-baa8-e6956a9ecba6;6d8dce5e-c21d-4662-910c-24c58ed6e39f
EG,YE,4,5de032de-fad4-4b2c-9d76-9091cdc96e53;ad9dc176-bf69-494a-af8f-2fab74fdaa1e;7d14e3c4-30d7-4894-baa8-e6956a9ecba6;6d8dce5e-c21d-4662-910c-24c58ed6e39f
ES,HR,4,52dcb3e1-37dc-4bb8-843c-67be400d7a0e;75bda6cf-c9fd-4259-a8b2-807ea6b29ea0;9fa600ce-5ecf-4b19-9464-00052ab2eecb;73f4141d-32ef-4dc3-9f98-0afd988a8b0d
FR,HR,4,75bda6cf-c9fd-4259-a8b2-807ea6b29ea0;0757c111-b673-492b-b13e-0ff879712f17;9fa600ce-5ecf-4b19-9464-00052ab2eecb;73f4141d-32ef-4dc3-9f98-0afd988a8b0d
IQ,KW,4,5de032de-fad4-4b2c-9d76-9091cdc96e53;ad9dc176-bf69-494a-af8f-2fab74fdaa1e;6d8dce5e-c21d-4662-910c-24c58ed6e39f;17f3a899-b347-46b8-ab07-3dc10281b914
IQ,MA,4,5de032de-fad4-4b2c-9d76-9091cdc96e53;ad9dc176-bf69-494a-af8f-2fab74fdaa1e;7d14e3c4-30d7-4894-baa8-e6956a9ecba6;6d8dce5e-c21d-4662-910c-24c58ed6e39f
IQ,SD,4,5de032de-fad4-4b2c-9d76-9091cdc96e53;ad9dc176-bf69-494a-af8f-2fab74fdaa1e;7d14e3c4-30d7-4894-baa8-e6956a9ecba6;6d8dce5e-c21d-4662-910c-24c58ed6e39f
IQ,YE,4,5de032de-fad4-4b2c-9d76-9091cdc96e53;ad9dc176-bf69-494a-af8f-2fab74fdaa1e;7d14e3c4-30d7-4894-baa8-e6956a9ecba6;6d8dce5e-c21d-4662-910c-24c58ed6e39f
IT,LU,4,458698c4-161b-4ec5-99b1-9b9d0cfb01f6;9fa600ce-5ecf-4b19-9464-00052ab2eecb;d0536760-ba45-4308-be32-74154c693cac;73f4141d-32ef-4dc3-9f98-0afd988a8b0d
JO,KW,4,5de032de-fad4-4b2c-9d76-9091cdc96e53;ad9dc176-bf69-494a-af8f-2fab74fdaa1e;6d8dce5e-c21d-4662-910c-24c58ed6e39f;17f3a899-b347-46b8-ab07-3dc10281b914
JO,MR,4,5de032de-fad4-4b2c-9d76-9091cdc96e53;ad9dc176-bf69-494a-af8f-2fab74fdaa1e;6d8dce5e-c21d-4662-910c-24c58ed6e39f;4b2ae2b6-6295-4765-95d5-6efd3459ef4d
JO,PS,4,5de032de-fad4-4b2c-9d76-9091cdc96e53;ad9dc176-bf69-494a-af8f-2fab74fdaa1e;6d8dce5e-c21d-4662-910c-24c58ed6e39f;bead3bc0-2445-4e15-9e36-66a5a33a4fc9
JO,QA,4,ad9dc176-bf69-494a-af8f-2fab74fdaa1e;2be33da8-6e3c-459c-be6b-13aaa60d4108;6d8dce5e-c21d-4662-910c-24c58ed6e39f;17f3a899-b347-46b8-ab07-3dc10281b914
JO,TN,4,5de032de-fad4-4b2c-9d76-9091cdc96e53;ad9dc176-bf69-494a-af8f-2fab74fdaa1e;6d8dce5e-c21d-4662-910c-24c58ed6e39f;bead3bc0-2445-4e15-9e36-66a5a33a4fc9
KG,TR,4,d9ea2e64-e78f-4760-bb88-5ee020420760;e8682c48-d848-4e67-b135-4a1f6f255287;0a4b0d89-b2ff-4c63-877a-d0aa7099fc8c;1fbd4b97-7cc2-4d79-ab43-aaebc308aaef
KW,OM,4,5de032de-fad4-4b2c-9d76-9091cdc96e53;ad9dc176-bf69-494a-af8f-2fab74fdaa1e;6d8dce5e-c21d-4662-910c-24c58ed6e39f;17f3a899-b347-46b8-ab07-3dc10281b914
KW,QA,4,ad9dc176-bf69-494a-af8f-2fab74fdaa1e;6d8dce5e-c21d-4662-910c-24c58ed6e39f;17f3a899-b347-46b8-ab07-3dc10281b914;1bc21796-3307-4bcf-91c1-907620520017
MA,PS,4,5de032de-fad4-4b2c-9d76-9091cdc96e53;ad9dc176-bf69-494a-af8f-2fab74fdaa1e;7d14e3c4-30d7-4894-baa8-e6956a9ecba6;6d8dce5e-c21d-4662-910c-24c58ed6e39f
MA,SD,4,5de032de-fad4-4b2c-9d76-9091cdc96e53;ad9dc176-bf69-494a-af8f-2fab74fdaa1e;7d14e3c4-30d7-4894-baa8-e6956a9ecba6;6d8dce5e-c21d-4662-910c-24c58ed6e39f
MA,YE,4,5de032de-fad4-4b2c-9d76-9091cdc96e53;ad9dc176-bf69-494a-af8f-2fab74fdaa1e;7d14e3c4-30d7-4894-baa8-e6956a9ecba6;6d8dce5e-c21d-4662-910c-24c58ed6e39f
MR,PS,4,5de032de-fad4-4b2c-9d76-9091cdc96e53;ad9dc176-bf69-494a-af8f-2fab74fdaa1e;7d14e3c4-30d7-4894-baa8-e6956a9ecba6;6d8dce5e-c21d-4662-910c-24c58ed6e39f
MR,SA,4,5de032de-fad4-4b2c-9d76-9091cdc96e53;ad9dc176-bf69-494a-af8f-2fab74fdaa1e;7d14e3c4-30d7-4894-baa8-e6956a9ecba6;6d8dce5e-c21d-4662-910c-24c58ed6e39f
MR,SD,4,5de032de-fad4-4b2c-9d76-9091cdc96e53;ad9dc176-bf69-494a-af8f-2fab74fdaa1e;7d14e3c4-30d7-4894-baa8-e6956a9ecba6;6d8dce5e-c21d-4662-910c-24c58ed6e39f
MR,YE,4,5de032de-fad4-4b2c-9d76-9091cdc96e53;ad9dc176-bf69-494a-af8f-2fab74fdaa1e;7d14e3c4-30d7-4894-baa8-e6956a9ecba6;6d8dce5e-c21d-4662-910c-24c58ed6e39f
OM,PS,4,5de032de-fad4-4b2c-9d76-9091cdc96e53;ad9dc176-bf69-494a-af8f-2fab74fdaa1e;6d8dce5e-c21d-4662-910c-24c58ed6e39f;bead3bc0-2445-4e15-9e36-66a5a33a4fc9
OM,TN,4,5de032de-fad4-4b2c-9d76-9091cdc96e53;ad9dc176-bf69-494a-af8f-2fab74fdaa1e;6d8dce5e-c21d-4662-910c-24c58ed6e39f;bead3bc0-2445-4e15-9e36-66a5a33a4fc9
PS,SD,4,5de032de-fad4-4b2c-9d76-9091cdc96e53;ad9dc176-bf69-494a-af8f-2fab74fdaa1e;7d14e3c4-30d7-4894-baa8-e6956a9ecba6;6d8dce5e-c21d-4662-910c-24c58ed6e39f
PS,YE,4,5de032de-fad4-4b2c-9d76-9091cdc96e53;ad9dc176-bf69-494a-af8f-2fab74fdaa1e;7d14e3c4-30d7-4894-baa8-e6956a9ecba6;6d8dce5e-c21d-4662-910c-24c58ed6e39f
SA,SD,4,5de032de-fad4-4b2c-9d76-9091cdc96e53;ad9dc176-bf69-494a-af8f-2fab74fdaa1e;7d14e3c4-30d7-4894-baa8-e6956a9ecba6;6d8dce5e-c21d-4662-910c-24c58ed6e39f
SA,YE,4,5de032de-fad4-4b2c-9d76-9091cdc96e53;ad9dc176-bf69-494a-af8f-2fab74fdaa1e;7d14e3c4-30d7-4894-baa8-e6956a9ecba6;6d8dce5e-c21d-4662-910c-24c58ed6e39f
SD,TN,4,5de032de-fad4-4b2c-9d76-9091cdc96e53;ad9dc176-bf69-494a-af8f-2fab74fdaa1e;7d14e3c4-30d7-4894-baa8-e6956a9ecba6;6d8dce5e-c21d-4662-910c-24c58ed6e39f
SD,YE,4,5de032de-fad4-4b2c-9d76-9091cdc96e53;ad9dc176-bf69-494a-af8f-2fab74fdaa1e;7d14e3c4-30d7-4894-baa8-e6956a9ecba6;6d8dce5e-c21d-4662-910c-24c58ed6e39f
TJ,TR,4,0a4b0d89-b2ff-4c63-877a-d0aa7099fc8c;dca385eb-fc21-410a-827b-e111344958ba;fcd7a93d-fb62-4ae8-a5d6-950a20e1bb97;1fbd4b97-7cc2-4d79-ab43-aaebc308aaef
TN,YE,4,5de032de-fad4-4b2c-9d76-9091cdc96e53;ad9dc176-bf69-494a-af8f-2fab74fdaa1e;7d14e3c4-30d7-4894-baa8-e6956a9ecba6;6d8dce5e-c21d-4662-910c-24c58ed6e39f
AD,ES,3,7335552f-7665-4b29-b596-c762a2d6f961;9fa600ce-5ecf-4b19-9464-00052ab2eecb;73f4141d-32ef-4dc3-9f98-0afd988a8b0d
AE,EG,3,5de032de-fad4-4b2c-9d76-9091cdc96e53;ad9dc176-bf69-494a-af8f-2fab74fdaa1e;6d8dce5e-c21d-4662-910c-24c58ed6e39f
AE,SD,3,5de032de-fad4-4b2c-9d76-9091cdc96e53;ad9dc176-bf69-494a-af8f-2fab74fdaa1e;6d8dce5e-c21d-4662-910c-24c58ed6e39f
AE,SY,3,75bda6cf-c9fd-4259-a8b2-807ea6b29ea0;17f3a899-b347-46b8-ab07-3dc10281b914;bead3bc0-2445-4e15-9e36-66a5a33a4fc9
AE,YE,3,5de032de-fad4-4b2c-9d76-9091cdc96e53;ad9dc176-bf69-494a-af8f-2fab74fdaa1e;6d8dce5e-c21d-4662-910c-24c58ed6e39f
AF,TJ,3,dca385eb-fc21-410a-827b-e111344958ba;1fbd4b97-7cc2-4d79-ab43-aaebc308aaef;457751d5-74b0-45c0-bb9d-ad3b4258288d
AF,UZ,3,dca385eb-fc21-410a-827b-e111344958ba;1fbd4b97-7cc2-4d79-ab43-aaebc308aaef;457751d5-74b0-45c0-bb9d-ad3b4258288d
AT,BE,3,75bda6cf-c9fd-4259-a8b2-807ea6b29ea0;d0536760-ba45-4308-be32-74154c693cac;73f4141d-32ef-4dc3-9f98-0afd988a8b0d
AT,CZ,3,10a0019b-0c61-4561-97dc-11fe8bd12aad;75bda6cf-c9fd-4259-a8b2-807ea6b29ea0;da4d32f6-6d6c-492f-8f9b-621c8f039c60
AT,HU,3,10a0019b-0c61-4561-97dc-11fe8bd12aad;75bda6cf-c9fd-4259-a8b2-807ea6b29ea0;a04c3e78-59da-4f7e-aaae-4194282fe749
AT,LU,3,9fa600ce-5ecf-4b19-9464-00052ab2eecb;d0536760-ba45-4308-be32-74154c693cac;73f4141d-32ef-4dc3-9f98-0afd988a8b0d
AT,SK,3,10a0019b-0c61-4561-97dc-11fe8bd12aad;75bda6cf-c9fd-4259-a8b2-807ea6b29ea0;a04c3e78-59da-4f7e-aaae-4194282fe749
AZ,KG,3,d9ea2e64-e78f-4760-bb88-5ee020420760;0a4b0d89-b2ff-4c63-877a-d0aa7099fc8c;1fbd4b97-7cc2-4d79-ab43-aaebc308aaef
AZ,TM,3,0a4b0d89-b2ff-4c63-877a-d0aa7099fc8c;dca385eb-fc21-410a-827b-e111344958ba;1fbd4b97-7cc2-4d79-ab43-aaebc308aaef
BE,HR,3,75bda6cf-c9fd-4259-a8b2-807ea6b29ea0;0757c111-b673-492b-b13e-0ff879712f17;73f4141d-32ef-4dc3-9f98-0afd988a8b0d
BE,LU,3,458698c4-161b-4ec5-99b1-9b9d0cfb01f6;d0536760-ba45-4308-be32-74154c693cac;73f4141d-32ef-4dc3-9f98-0afd988a8b0d
BH,EG,3,5de032de-fad4-4b2c-9d76-9091cdc96e53;ad9dc176-bf69-494a-af8f-2fab74fdaa1e;6d8dce5e-c21d-4662-910c-24c58ed6e39f
BH,MA,3,5de032de-fad4-4b2c-9d76-9091cdc96e53;ad9dc176-bf69-494a-af8f-2fab74fdaa1e;6d8dce5e-c21d-4662-910c-24c58ed6e39f
BH,MR,3,5de032de-fad4-4b2c-9d76-9091cdc96e53;ad9dc176-bf69-494a-af8f-2fab74fdaa1e;6d8dce5e-c21d-4662-910c-24c58ed6e39f
BH,PS,3,5de032de-fad4-4b2c-9d76-9091cdc96e53;ad9dc176-bf69-494a-af8f-2fab74fdaa1e;6d8dce5e-c21d-4662-910c-24c58ed6e39f
BH,QA,3,ad9dc176-bf69-494a-af8f-2fab74fdaa1e;6d8dce5e-c21d-4662-910c-24c58ed6e39f;17f3a899-b347-46b8-ab07-3dc10281b914
BH,SD,3,5de032de-fad4-4b2c-9d76-9091cdc96e53;ad9dc176-bf69-494a-af8f-2fab74fdaa1e;6d8dce5e-c21d-4662-910c-24c58ed6e39f
BH,TN,3,5de032de-fad4-4b2c-9d76-9091cdc96e53;ad9dc176-bf69-494a-af8f-2fab74fdaa1e;6d8dce5e-c21d-4662-910c-24c58ed6e39f
BH,YE,3,5de032de-fad4-4b2c-9d76-9091cdc96e53;ad9dc176-bf69-494a-af8f-2fab74fdaa1e;6d8dce5e-c21d-4662-910c-24c58ed6e39f
CH,IT,3,a483aedb-ae87-43d7-ad9f-23cb8087cb0b;d0536760-ba45-4308-be32-74154c693cac;73f4141d-32ef-4dc3-9f98-0afd988a8b0d
CY,GR,3,52dcb3e1-37dc-4bb8-843c-67be400d7a0e;9d64ef02-94fb-47fd-b385-966e2c62eb0a;73f4141d-32ef-4dc3-9f98-0afd988a8b0d
CY,HR,3,52dcb3e1-37dc-4bb8-843c-67be400d7a0e;0757c111-b673-492b-b13e-0ff879712f17;73f4141d-32ef-4dc3-9f98-0afd988a8b0d
CY,IT,3,52dcb3e1-37dc-4bb8-843c-67be400d7a0e;0757c111-b673-492b-b13e-0ff879712f17;73f4141d-32ef-4dc3-9f98-0afd988a8b0d
CZ,ES,3,75bda6cf-c9fd-4259-a8b2-807ea6b29ea0;da4d32f6-6d6c-492f-8f9b-621c8f039c60;e4f84e99-d1ab-4737-96af-ab446ae5365e
CZ,HU,3,10a0019b-0c61-4561-97dc-11fe8bd12aad;75bda6cf-c9fd-4259-a8b2-807ea6b29ea0;e4f84e99-d1ab-4737-96af-ab446ae5365e
CZ,SK,3,f3cd1164-6f6c-4bfc-abed-d7d3d459986a;10a0019b-0c61-4561-97dc-11fe8bd12aad;75bda6cf-c9fd-4259-a8b2-807ea6b29ea0
DE,ES,3,75bda6cf-c9fd-4259-a8b2-807ea6b29ea0;da4d32f6-6d6c-492f-8f9b-621c8f039c60;e4f84e99-d1ab-4737-96af-ab446ae5365e
DE,FR,3,b272131f-8e6f-4fc6-9eb1-3ff3fd3464e9;75bda6cf-c9fd-4259-a8b2-807ea6b29ea0;e4f84e99-d1ab-4737-96af-ab446ae5365e
DE,HU,3,10a0019b-0c61-4561-97dc-11fe8bd12aad;75bda6cf-c9fd-4259-a8b2-807ea6b29ea0;e4f84e99-d1ab-4737-96af-ab446ae5365e
DZ,EG,3,5de032de-fad4-4b2c-9d76-9091cdc96e53;7d14e3c4-30d7-4894-baa8-e6956a9ecba6;6d8dce5e-c21d-4662-910c-24c58ed6e39f
DZ,IQ,3,5de032de-fad4-4b2c-9d76-9091cdc96e53;7d14e3c4-30d7-4894-baa8-e6956a9ecba6;6d8dce5e-c21d-4662-910c-24c58ed6e39f
DZ,PS,3,5de032de-fad4-4b2c-9d76-9091cdc96e53;7d14e3c4-30d7-4894-baa8-e6956a9ecba6;6d8dce5e-c21d-4662-910c-24c58ed6e39f
DZ,SA,3,5de032de-fad4-4b2c-9d76-9091cdc96e53;7d14e3c4-30d7-4894-baa8-e6956a9ecba6;6d8dce5e-c21d-4662-910c-24c58ed6e39f
DZ,SD,3,5de032de-fad4-4b2c-9d76-9091cdc96e53;7d14e3c4-30d7-4894-baa8-e6956a9ecba6;6d8dce5e-c21d-4662-910c-24c58ed6e39f
DZ,YE,3,5de032de-fad4-4b2c-9d76-9091cdc96e53;7d14e3c4-30d7-4894-baa8-e6956a9ecba6;6d8dce5e-c21d-4662-910c-24c58ed6e39f
EG,JO,3,5de032de-fad4-4b2c-9d76-9091cdc96e53;ad9dc176-bf69-494a-af8f-2fab74fdaa1e;6d8dce5e-c21d-4662-910c-24c58ed6e39f
EG,KW,3,5de032de-fad4-4b2c-9d76-9091cdc96e53;ad9dc176-bf69-494a-af8f-2fab74fdaa1e;6d8dce5e-c21d-4662-910c-24c58ed6e39f
EG,OM,3,5de032de-fad4-4b2c-9d76-9091cdc96e53;ad9dc176-bf69-494a-af8f-2fab74fdaa1e;6d8dce5e-c21d-4662-910c-24c58ed6e39f
ES,GR,3,52dcb3e1-37dc-4bb8-843c-67be400d7a0e;9fa600ce-5ecf-4b19-9464-00052ab2eecb;73f4141d-32ef-4dc3-9f98-0afd988a8b0d
ES,PT,3,52dcb3e1-37dc-4bb8-843c-67be400d7a0e;75bda6cf-c9fd-4259-a8b2-807ea6b29ea0;9369134f-e452-4934-8dbc-129c77a8cc8a
FR,LU,3,458698c4-161b-4ec5-99b1-9b9d0cfb01f6;9fa600ce-5ecf-4b19-9464-00052ab2eecb;73f4141d-32ef-4dc3-9f98-0afd988a8b0d
GR,HR,3,52dcb3e1-37dc-4bb8-843c-67be400d7a0e;9fa600ce-5ecf-4b19-9464-00052ab2eecb;73f4141d-32ef-4dc3-9f98-0afd988a8b0d
GR,IT,3,52dcb3e1-37dc-4bb8-843c-67be400d7a0e;9fa600ce-5ecf-4b19-9464-00052ab2eecb;73f4141d-32ef-4dc3-9f98-0afd988a8b0d
HU,SK,3,10a0019b-0c61-4561-97dc-11fe8bd12aad;75bda6cf-c9fd-4259-a8b2-807ea6b29ea0;a04c3e78-59da-4f7e-aaae-4194282fe749
IQ,QA,3,ad9dc176-bf69-494a-af8f-2fab74fdaa1e;6d8dce5e-c21d-4662-910c-24c58ed6e39f;17f3a899-b347-46b8-ab07-3dc10281b914
IR,TM,3,01985e61-2c99-4f2b-8578-80f8481cef9f;dca385eb-fc21-410a-827b-e111344958ba;1fbd4b97-7cc2-4d79-ab43-aaebc308aaef
JO,MA,3,5de032de-fad4-4b2c-9d76-9091cdc96e53;ad9dc176-bf69-494a-af8f-2fab74fdaa1e;6d8dce5e-c21d-4662-910c-24c58ed6e39f
JO,SD,3,5de032de-fad4-4b2c-9d76-9091cdc96e53;ad9dc176-bf69-494a-af8f-2fab74fdaa1e;6d8dce5e-c21d-4662-910c-24c58ed6e39f
JO,YE,3,5de032de-fad4-4b2c-9d76-9091cdc96e53;ad9dc176-bf69-494a-af8f-2fab74fdaa1e;6d8dce5e-c21d-4662-910c-24c58ed6e39f
KG,UZ,3,0a4b0d89-b2ff-4c63-877a-d0aa7099fc8c;1fbd4b97-7cc2-4d79-ab43-aaebc308aaef;7f711805-1178-48fd-b3a1-b4b89a0cd37c
KW,MA,3,5de032de-fad4-4b2c-9d76-9091cdc96e53;ad9dc176-bf69-494a-af8f-2fab74fdaa1e;6d8dce5e-c21d-4662-910c-24c58ed6e39f
KW,MR,3,5de032de-fad4-4b2c-9d76-9091cdc96e53;ad9dc176-bf69-494a-af8f-2fab74fdaa1e;6d8dce5e-c21d-4662-910c-24c58ed6e39f
KW,PS,3,5de032de-fad4-4b2c-9d76-9091cdc96e53;ad9dc176-bf69-494a-af8f-2fab74fdaa1e;6d8dce5e-c21d-4662-910c-24c58ed6e39f
KW,SD,3,5de032de-fad4-4b2c-9d76-9091cdc96e53;ad9dc176-bf69-494a-af8f-2fab74fdaa1e;6d8dce5e-c21d-4662-910c-24c58ed6e39f
KW,TN,3,5de032de-fad4-4b2c-9d76-9091cdc96e53;ad9dc176-bf69-494a-af8f-2fab74fdaa1e;6d8dce5e-c21d-4662-910c-24c58ed6e39f
KW,YE,3,5de032de-fad4-4b2c-9d76-9091cdc96e53;ad9dc176-bf69-494a-af8f-2fab74fdaa1e;6d8dce5e-c21d-4662-910c-24c58ed6e39f
KZ,UZ,3,0a4b0d89-b2ff-4c63-877a-d0aa7099fc8c;1fbd4b97-7cc2-4d79-ab43-aaebc308aaef;7f711805-1178-48fd-b3a1-b4b89a0cd37c
MA,OM,3,5de032de-fad4-4b2c-9d76-9091cdc96e53;ad9dc176-bf69-494a-af8f-2fab74fdaa1e;6d8dce5e-c21d-4662-910c-24c58ed6e39f
MA,QA,3,75bda6cf-c9fd-4259-a8b2-807ea6b29ea0;ad9dc176-bf69-494a-af8f-2fab74fdaa1e;6d8dce5e-c21d-4662-910c-24c58ed6e39f
MR,OM,3,5de032de-fad4-4b2c-9d76-9091cdc96e53;ad9dc176-bf69-494a-af8f-2fab74fdaa1e;6d8dce5e-c21d-4662-910c-24c58ed6e39f
OM,SD,3,5de032de-fad4-4b2c-9d76-9091cdc96e53;ad9dc176-bf69-494a-af8f-2fab74fdaa1e;6d8dce5e-c21d-4662-910c-24c58ed6e39f
OM,YE,3,5de032de-fad4-4b2c-9d76-9091cdc96e53;ad9dc176-bf69-494a-af8f-2fab74fdaa1e;6d8dce5e-c21d-4662-910c-24c58ed6e39f
SA,SY,3,75bda6cf-c9fd-4259-a8b2-807ea6b29ea0;17f3a899-b347-46b8-ab07-3dc10281b914;bead3bc0-2445-4e15-9e36-66a5a33a4fc9
TJ,TM,3,0a4b0d89-b2ff-4c63-877a-d0aa7099fc8c;dca385eb-fc21-410a-827b-e111344958ba;1fbd4b97-7cc2-4d79-ab43-aaebc308aaef
TM,TR,3,0a4b0d89-b2ff-4c63-877a-d0aa7099fc8c;dca385eb-fc21-410a-827b-e111344958ba;1fbd4b97-7cc2-4d79-ab43-aaebc308aaef
TM,UZ,3,0a4b0d89-b2ff-4c63-877a-d0aa7099fc8c;dca385eb-fc21-410a-827b-e111344958ba;1fbd4b97-7cc2-4d79-ab43-aaebc308aaef
AD,AT,2,9fa600ce-5ecf-4b19-9464-00052ab2eecb;73f4141d-32ef-4dc3-9f98-0afd988a8b0d
AD,GR,2,9fa600ce-5ecf-4b19-9464-00052ab2eecb;73f4141d-32ef-4dc3-9f98-0afd988a8b0d
AD,HR,2,9fa600ce-5ecf-4b19-9464-00052ab2eecb;73f4141d-32ef-4dc3-9f98-0afd988a8b0d
AD,IT,2,9fa600ce-5ecf-4b19-9464-00052ab2eecb;73f4141d-32ef-4dc3-9f98-0afd988a8b0d
AD,LU,2,9fa600ce-5ecf-4b19-9464-00052ab2eecb;73f4141d-32ef-4dc3-9f98-0afd988a8b0d
AE,DZ,2,5de032de-fad4-4b2c-9d76-9091cdc96e53;6d8dce5e-c21d-4662-910c-24c58ed6e39f
AF,AZ,2,dca385eb-fc21-410a-827b-e111344958ba;1fbd4b97-7cc2-4d79-ab43-aaebc308aaef
AF,TM,2,dca385eb-fc21-410a-827b-e111344958ba;1fbd4b97-7cc2-4d79-ab43-aaebc308aaef
AF,TR,2,dca385eb-fc21-410a-827b-e111344958ba;1fbd4b97-7cc2-4d79-ab43-aaebc308aaef
AT,GR,2,9fa600ce-5ecf-4b19-9464-00052ab2eecb;73f4141d-32ef-4dc3-9f98-0afd988a8b0d
AT,IE,2,75bda6cf-c9fd-4259-a8b2-807ea6b29ea0;73f4141d-32ef-4dc3-9f98-0afd988a8b0d
AT,NL,2,75bda6cf-c9fd-4259-a8b2-807ea6b29ea0;d0536760-ba45-4308-be32-74154c693cac
AT,PL,2,75bda6cf-c9fd-4259-a8b2-807ea6b29ea0;da4d32f6-6d6c-492f-8f9b-621c8f039c60
AT,RO,2,a04c3e78-59da-4f7e-aaae-4194282fe749;9fa600ce-5ecf-4b19-9464-00052ab2eecb
AT,SI,2,a04c3e78-59da-4f7e-aaae-4194282fe749;73f4141d-32ef-4dc3-9f98-0afd988a8b0d
BE,CH,2,d0536760-ba45-4308-be32-74154c693cac;73f4141d-32ef-4dc3-9f98-0afd988a8b0d
BE,CY,2,0757c111-b673-492b-b13e-0ff879712f17;73f4141d-32ef-4dc3-9f98-0afd988a8b0d
BE,DE,2,75bda6cf-c9fd-4259-a8b2-807ea6b29ea0;d0536760-ba45-4308-be32-74154c693cac
BE,ES,2,75bda6cf-c9fd-4259-a8b2-807ea6b29ea0;73f4141d-32ef-4dc3-9f98-0afd988a8b0d
BE,IE,2,75bda6cf-c9fd-4259-a8b2-807ea6b29ea0;73f4141d-32ef-4dc3-9f98-0afd988a8b0d
BE,NL,2,75bda6cf-c9fd-4259-a8b2-807ea6b29ea0;d0536760-ba45-4308-be32-74154c693cac
BH,DZ,2,5de032de-fad4-4b2c-9d76-9091cdc96e53;6d8dce5e-c21d-4662-910c-24c58ed6e39f
BN,ID,2,86f5d1f3-727d-4f33-8b15-528a6949bdcb;7aafac7c-017c-467a-a25e-4301739e7bf4
BN,MY,2,86f5d1f3-727d-4f33-8b15-528a6949bdcb;7aafac7c-017c-467a-a25e-4301739e7bf4
CH,DE,2,b272131f-8e6f-4fc6-9eb1-3ff3fd3464e9;d0536760-ba45-4308-be32-74154c693cac
CH,LU,2,d0536760-ba45-4308-be32-74154c693cac;73f4141d-32ef-4dc3-9f98-0afd988a8b0d
CY,ES,2,52dcb3e1-37dc-4bb8-843c-67be400d7a0e;73f4141d-32ef-4dc3-9f98-0afd988a8b0d
CY,FR,2,0757c111-b673-492b-b13e-0ff879712f17;73f4141d-32ef-4dc3-9f98-0afd988a8b0d
CY,LU,2,3d48128e-f684-44e4-a15b-75a5b32b6d6f;73f4141d-32ef-4dc3-9f98-0afd988a8b0d
CY,SI,2,3d48128e-f684-44e4-a15b-75a5b32b6d6f;73f4141d-32ef-4dc3-9f98-0afd988a8b0d
CZ,FR,2,75bda6cf-c9fd-4259-a8b2-807ea6b29ea0;e4f84e99-d1ab-4737-96af-ab446ae5365e
CZ,PL,2,75bda6cf-c9fd-4259-a8b2-807ea6b29ea0;da4d32f6-6d6c-492f-8f9b-621c8f039c60
DE,IT,2,75bda6cf-c9fd-4259-a8b2-807ea6b29ea0;d0536760-ba45-4308-be32-74154c693cac
DE,KG,2,75bda6cf-c9fd-4259-a8b2-807ea6b29ea0;3d48128e-f684-44e4-a15b-75a5b32b6d6f
DE,LU,2,3d48128e-f684-44e4-a15b-75a5b32b6d6f;d0536760-ba45-4308-be32-74154c693cac
DE,NL,2,75bda6cf-c9fd-4259-a8b2-807ea6b29ea0;d0536760-ba45-4308-be32-74154c693cac
DE,PL,2,75bda6cf-c9fd-4259-a8b2-807ea6b29ea0;da4d32f6-6d6c-492f-8f9b-621c8f039c60
DE,SK,2,10a0019b-0c61-4561-97dc-11fe8bd12aad;75bda6cf-c9fd-4259-a8b2-807ea6b29ea0
DJ,SO,2,c35c8185-3f94-4746-b4f2-d78b0d55c51f;4b2ae2b6-6295-4765-95d5-6efd3459ef4d
DZ,JO,2,5de032de-fad4-4b2c-9d76-9091cdc96e53;6d8dce5e-c21d-4662-910c-24c58ed6e39f
DZ,KW,2,5de032de-fad4-4b2c-9d76-9091cdc96e53;6d8dce5e-c21d-4662-910c-24c58ed6e39f
DZ,OM,2,5de032de-fad4-4b2c-9d76-9091cdc96e53;6d8dce5e-c21d-4662-910c-24c58ed6e39f
EG,QA,2,ad9dc176-bf69-494a-af8f-2fab74fdaa1e;6d8dce5e-c21d-4662-910c-24c58ed6e39f
ES,HU,2,75bda6cf-c9fd-4259-a8b2-807ea6b29ea0;e4f84e99-d1ab-4737-96af-ab446ae5365e
ES,IE,2,75bda6cf-c9fd-4259-a8b2-807ea6b29ea0;73f4141d-32ef-4dc3-9f98-0afd988a8b0d
ES,LU,2,9fa600ce-5ecf-4b19-9464-00052ab2eecb;73f4141d-32ef-4dc3-9f98-0afd988a8b0d
ES,MA,2,52dcb3e1-37dc-4bb8-843c-67be400d7a0e;75bda6cf-c9fd-4259-a8b2-807ea6b29ea0
ES,PL,2,75bda6cf-c9fd-4259-a8b2-807ea6b29ea0;da4d32f6-6d6c-492f-8f9b-621c8f039c60
FR,GR,2,9fa600ce-5ecf-4b19-9464-00052ab2eecb;73f4141d-32ef-4dc3-9f98-0afd988a8b0d
FR,HU,2,75bda6cf-c9fd-4259-a8b2-807ea6b29ea0;e4f84e99-d1ab-4737-96af-ab446ae5365e
FR,IE,2,75bda6cf-c9fd-4259-a8b2-807ea6b29ea0;73f4141d-32ef-4dc3-9f98-0afd988a8b0d
GR,LU,2,9fa600ce-5ecf-4b19-9464-00052ab2eecb;73f4141d-32ef-4dc3-9f98-0afd988a8b0d
HR,HU,2,75bda6cf-c9fd-4259-a8b2-807ea6b29ea0;a04c3e78-59da-4f7e-aaae-4194282fe749
HR,IE,2,75bda6cf-c9fd-4259-a8b2-807ea6b29ea0;73f4141d-32ef-4dc3-9f98-0afd988a8b0d
HR,LU,2,9fa600ce-5ecf-4b19-9464-00052ab2eecb;73f4141d-32ef-4dc3-9f98-0afd988a8b0d
HR,MA,2,52dcb3e1-37dc-4bb8-843c-67be400d7a0e;75bda6cf-c9fd-4259-a8b2-807ea6b29ea0
HR,PT,2,52dcb3e1-37dc-4bb8-843c-67be400d7a0e;75bda6cf-c9fd-4259-a8b2-807ea6b29ea0
HR,RO,2,a04c3e78-59da-4f7e-aaae-4194282fe749;9fa600ce-5ecf-4b19-9464-00052ab2eecb
HR,SI,2,a04c3e78-59da-4f7e-aaae-4194282fe749;73f4141d-32ef-4dc3-9f98-0afd988a8b0d
HR,SK,2,75bda6cf-c9fd-4259-a8b2-807ea6b29ea0;a04c3e78-59da-4f7e-aaae-4194282fe749
HU,IT,2,75bda6cf-c9fd-4259-a8b2-807ea6b29ea0;a04c3e78-59da-4f7e-aaae-4194282fe749
ID,MY,2,86f5d1f3-727d-4f33-8b15-528a6949bdcb;7aafac7c-017c-467a-a25e-4301739e7bf4
IE,IT,2,75bda6cf-c9fd-4259-a8b2-807ea6b29ea0;73f4141d-32ef-4dc3-9f98-0afd988a8b0d
IQ,SY,2,17f3a899-b347-46b8-ab07-3dc10281b914;bead3bc0-2445-4e15-9e36-66a5a33a4fc9
IR,KG,2,d9ea2e64-e78f-4760-bb88-5ee020420760;1fbd4b97-7cc2-4d79-ab43-aaebc308aaef
IR,KZ,2,d9ea2e64-e78f-4760-bb88-5ee020420760;1fbd4b97-7cc2-4d79-ab43-aaebc308aaef
IT,MA,2,52dcb3e1-37dc-4bb8-843c-67be400d7a0e;75bda6cf-c9fd-4259-a8b2-807ea6b29ea0
IT,NL,2,75bda6cf-c9fd-4259-a8b2-807ea6b29ea0;d0536760-ba45-4308-be32-74154c693cac
IT,PT,2,52dcb3e1-37dc-4bb8-843c-67be400d7a0e;75bda6cf-c9fd-4259-a8b2-807ea6b29ea0
IT,RO,2,a04c3e78-59da-4f7e-aaae-4194282fe749;9fa600ce-5ecf-4b19-9464-00052ab2eecb
IT,SI,2,a04c3e78-59da-4f7e-aaae-4194282fe749;73f4141d-32ef-4dc3-9f98-0afd988a8b0d
IT,SK,2,75bda6cf-c9fd-4259-a8b2-807ea6b29ea0;a04c3e78-59da-4f7e-aaae-4194282fe749
JO,SY,2,17f3a899-b347-46b8-ab07-3dc10281b914;bead3bc0-2445-4e15-9e36-66a5a33a4fc9
KG,MN,2,75bda6cf-c9fd-4259-a8b2-807ea6b29ea0;1fbd4b97-7cc2-4d79-ab43-aaebc308aaef
KG,PK,2,75bda6cf-c9fd-4259-a8b2-807ea6b29ea0;1fbd4b97-7cc2-4d79-ab43-aaebc308aaef
KG,TJ,2,0a4b0d89-b2ff-4c63-877a-d0aa7099fc8c;1fbd4b97-7cc2-4d79-ab43-aaebc308aaef
KG,TM,2,0a4b0d89-b2ff-4c63-877a-d0aa7099fc8c;1fbd4b97-7cc2-4d79-ab43-aaebc308aaef
KZ,MN,2,75bda6cf-c9fd-4259-a8b2-807ea6b29ea0;1fbd4b97-7cc2-4d79-ab43-aaebc308aaef
KZ,PK,2,75bda6cf-c9fd-4259-a8b2-807ea6b29ea0;1fbd4b97-7cc2-4d79-ab43-aaebc308aaef
KZ,TJ,2,0a4b0d89-b2ff-4c63-877a-d0aa7099fc8c;1fbd4b97-7cc2-4d79-ab43-aaebc308aaef
KZ,TM,2,0a4b0d89-b2ff-4c63-877a-d0aa7099fc8c;1fbd4b97-7cc2-4d79-ab43-aaebc308aaef
LU,SI,2,3d48128e-f684-44e4-a15b-75a5b32b6d6f;73f4141d-32ef-4dc3-9f98-0afd988a8b0d
MA,PT,2,52dcb3e1-37dc-4bb8-843c-67be400d7a0e;75bda6cf-c9fd-4259-a8b2-807ea6b29ea0
MK,TR,2,6a2aa33b-2c3f-4795-bbde-963159431fcf;624f5aa5-38f1-4892-8408-6882eb564a60
MN,PK,2,75bda6cf-c9fd-4259-a8b2-807ea6b29ea0;1fbd4b97-7cc2-4d79-ab43-aaebc308aaef
MR,QA,2,ad9dc176-bf69-494a-af8f-2fab74fdaa1e;6d8dce5e-c21d-4662-910c-24c58ed6e39f
NG,TG,2,6d633236-a5b8-49ab-9cc1-5441ecf4d1d3;3d48128e-f684-44e4-a15b-75a5b32b6d6f
NO,SE,2,1307b560-d016-4f7e-af69-1c8c67887c08;3ff44f7e-479a-4e5f-8631-4d8f72cb4bfa
OM,SY,2,17f3a899-b347-46b8-ab07-3dc10281b914;bead3bc0-2445-4e15-9e36-66a5a33a4fc9
PS,QA,2,ad9dc176-bf69-494a-af8f-2fab74fdaa1e;6d8dce5e-c21d-4662-910c-24c58ed6e39f
QA,SD,2,ad9dc176-bf69-494a-af8f-2fab74fdaa1e;6d8dce5e-c21d-4662-910c-24c58ed6e39f
QA,SY,2,75bda6cf-c9fd-4259-a8b2-807ea6b29ea0;17f3a899-b347-46b8-ab07-3dc10281b914
QA,TN,2,ad9dc176-bf69-494a-af8f-2fab74fdaa1e;6d8dce5e-c21d-4662-910c-24c58ed6e39f
QA,YE,2,ad9dc176-bf69-494a-af8f-2fab74fdaa1e;6d8dce5e-c21d-4662-910c-24c58ed6e39f
AD,AL,1,9fa600ce-5ecf-4b19-9464-00052ab2eecb
AD,BE,1,73f4141d-32ef-4dc3-9f98-0afd988a8b0d
AD,CH,1,73f4141d-32ef-4dc3-9f98-0afd988a8b0d
AD,CY,1,73f4141d-32ef-4dc3-9f98-0afd988a8b0d
AD,IE,1,73f4141d-32ef-4dc3-9f98-0afd988a8b0d
AD,RO,1,9fa600ce-5ecf-4b19-9464-00052ab2eecb
AD,SI,1,73f4141d-32ef-4dc3-9f98-0afd988a8b0d
AE,AT,1,75bda6cf-c9fd-4259-a8b2-807ea6b29ea0
AE,BE,1,75bda6cf-c9fd-4259-a8b2-807ea6b29ea0
AE,CZ,1,75bda6cf-c9fd-4259-a8b2-807ea6b29ea0
AE,DE,1,75bda6cf-c9fd-4259-a8b2-807ea6b29ea0
AE,DJ,1,4b2ae2b6-6295-4765-95d5-6efd3459ef4d
AE,ES,1,75bda6cf-c9fd-4259-a8b2-807ea6b29ea0
AE,FR,1,75bda6cf-c9fd-4259-a8b2-807ea6b29ea0
AE,HR,1,75bda6cf-c9fd-4259-a8b2-807ea6b29ea0
AE,HU,1,75bda6cf-c9fd-4259-a8b2-807ea6b29ea0
AE,IE,1,75bda6cf-c9fd-4259-a8b2-807ea6b29ea0
AE,IT,1,75bda6cf-c9fd-4259-a8b2-807ea6b29ea0
AE,KG,1,75bda6cf-c9fd-4259-a8b2-807ea6b29ea0
AE,KM,1,4b2ae2b6-6295-4765-95d5-6efd3459ef4d
AE,KR,1,75bda6cf-c9fd-4259-a8b2-807ea6b29ea0
AE,KZ,1,75bda6cf-c9fd-4259-a8b2-807ea6b29ea0
AE,LB,1,5de032de-fad4-4b2c-9d76-9091cdc96e53
AE,LY,1,bead3bc0-2445-4e15-9e36-66a5a33a4fc9
AE,MN,1,75bda6cf-c9fd-4259-a8b2-807ea6b29ea0
AE,NL,1,75bda6cf-c9fd-4259-a8b2-807ea6b29ea0
AE,PK,1,75bda6cf-c9fd-4259-a8b2-807ea6b29ea0
AE,PL,1,75bda6cf-c9fd-4259-a8b2-807ea6b29ea0
AE,PT,1,75bda6cf-c9fd-4259-a8b2-807ea6b29ea0
AE,SK,1,75bda6cf-c9fd-4259-a8b2-807ea6b29ea0
AE,SO,1,4b2ae2b6-6295-4765-95d5-6efd3459ef4d
AF,IN,1,1fbd4b97-7cc2-4d79-ab43-aaebc308aaef
AF,IQ,1,1fbd4b97-7cc2-4d79-ab43-aaebc308aaef
AF,KG,1,1fbd4b97-7cc2-4d79-ab43-aaebc308aaef
AF,KZ,1,1fbd4b97-7cc2-4d79-ab43-aaebc308aaef
AF,MN,1,1fbd4b97-7cc2-4d79-ab43-aaebc308aaef
AF,PK,1,1fbd4b97-7cc2-4d79-ab43-aaebc308aaef
AL,AT,1,9fa600ce-5ecf-4b19-9464-00052ab2eecb
AL,ES,1,9fa600ce-5ecf-4b19-9464-00052ab2eecb
AL,FR,1,9fa600ce-5ecf-4b19-9464-00052ab2eecb
AL,GR,1,9fa600ce-5ecf-4b19-9464-00052ab2eecb
AL,HR,1,9fa600ce-5ecf-4b19-9464-00052ab2eecb
AL,IT,1,9fa600ce-5ecf-4b19-9464-00052ab2eecb
AL,LU,1,9fa600ce-5ecf-4b19-9464-00052ab2eecb
AL,RO,1,9fa600ce-5ecf-4b19-9464-00052ab2eecb
AM,IR,1,c3f1eab3-5c95-407a-9318-a72b508d6cad
AR,UY,1,480eff44-5f29-4fa6-8578-7fd1b4e1d12c
AT,BA,1,a04c3e78-59da-4f7e-aaae-4194282fe749
AT,CY,1,73f4141d-32ef-4dc3-9f98-0afd988a8b0d
AT,KG,1,75bda6cf-c9fd-4259-a8b2-807ea6b29ea0
AT,KR,1,75bda6cf-c9fd-4259-a8b2-807ea6b29ea0
AT,KZ,1,75bda6cf-c9fd-4259-a8b2-807ea6b29ea0
AT,LV,1,da4d32f6-6d6c-492f-8f9b-621c8f039c60
AT,MA,1,75bda6cf-c9fd-4259-a8b2-807ea6b29ea0
AT,MN,1,75bda6cf-c9fd-4259-a8b2-807ea6b29ea0
AT,NO,1,b272131f-8e6f-4fc6-9eb1-3ff3fd3464e9
AT,PK,1,75bda6cf-c9fd-4259-a8b2-807ea6b29ea0
AT,PT,1,75bda6cf-c9fd-4259-a8b2-807ea6b29ea0
AT,QA,1,75bda6cf-c9fd-4259-a8b2-807ea6b29ea0
AT,SA,1,75bda6cf-c9fd-4259-a8b2-807ea6b29ea0
AT,SY,1,75bda6cf-c9fd-4259-a8b2-807ea6b29ea0
AZ,IN,1,1fbd4b97-7cc2-4d79-ab43-aaebc308aaef
AZ,IQ,1,1fbd4b97-7cc2-4d79-ab43-aaebc308aaef
AZ,MN,1,1fbd4b97-7cc2-4d79-ab43-aaebc308aaef
AZ,PK,1,1fbd4b97-7cc2-4d79-ab43-aaebc308aaef
BA,HR,1,a04c3e78-59da-4f7e-aaae-4194282fe749
BA,HU,1,a04c3e78-59da-4f7e-aaae-4194282fe749
BA,IT,1,a04c3e78-59da-4f7e-aaae-4194282fe749
BA,RO,1,a04c3e78-59da-4f7e-aaae-4194282fe749
BA,SI,1,a04c3e78-59da-4f7e-aaae-4194282fe749
BA,SK,1,a04c3e78-59da-4f7e-aaae-4194282fe749
BE,CZ,1,75bda6cf-c9fd-4259-a8b2-807ea6b29ea0
BE,GR,1,73f4141d-32ef-4dc3-9f98-0afd988a8b0d
BE,HU,1,75bda6cf-c9fd-4259-a8b2-807ea6b29ea0
BE,KG,1,75bda6cf-c9fd-4259-a8b2-807ea6b29ea0
BE,KR,1,75bda6cf-c9fd-4259-a8b2-807ea6b29ea0
BE,KZ,1,75bda6cf-c9fd-4259-a8b2-807ea6b29ea0
BE,MA,1,75bda6cf-c9fd-4259-a8b2-807ea6b29ea0
BE,MN,1,75bda6cf-c9fd-4259-a8b2-807ea6b29ea0
BE,PK,1,75bda6cf-c9fd-4259-a8b2-807ea6b29ea0
BE,PL,1,75bda6cf-c9fd-4259-a8b2-807ea6b29ea0
BE,PT,1,75bda6cf-c9fd-4259-a8b2-807ea6b29ea0
BE,QA,1,75bda6cf-c9fd-4259-a8b2-807ea6b29ea0
BE,SA,1,75bda6cf-c9fd-4259-a8b2-807ea6b29ea0
BE,SI,1,73f4141d-32ef-4dc3-9f98-0afd988a8b0d
BE,SK,1,75bda6cf-c9fd-4259-a8b2-807ea6b29ea0
BE,SY,1,75bda6cf-c9fd-4259-a8b2-807ea6b29ea0
BF,CI,1,48382804-9d28-49d8-9418-707326fe4447
BF,ID,1,48382804-9d28-49d8-9418-707326fe4447
BF,ML,1,48382804-9d28-49d8-9418-707326fe4447
BG,MD,1,4733c4f8-452e-4268-a180-82a3053a2a1d
BG,MK,1,4733c4f8-452e-4268-a180-82a3053a2a1d
BG,RO,1,4733c4f8-452e-4268-a180-82a3053a2a1d
BH,LB,1,5de032de-fad4-4b2c-9d76-9091cdc96e53
BH,SY,1,17f3a899-b347-46b8-ab07-3dc10281b914
BJ,NG,1,6d633236-a5b8-49ab-9cc1-5441ecf4d1d3
BJ,TG,1,6d633236-a5b8-49ab-9cc1-5441ecf4d1d3
BN,SG,1,86f5d1f3-727d-4f33-8b15-528a6949bdcb
BN,TH,1,86f5d1f3-727d-4f33-8b15-528a6949bdcb
BO,CL,1,20d10427-9612-468f-b7c4-a11c6e4a4420
BO,PE,1,20d10427-9612-468f-b7c4-a11c6e4a4420
BY,PL,1,edb677fe-416a-4206-83ab-222ca700e7d8
BZ,GT,1,eced54c6-4bf3-4338-a902-28664fec2f8b
BZ,HN,1,eced54c6-4bf3-4338-a902-28664fec2f8b
BZ,NI,1,eced54c6-4bf3-4338-a902-28664fec2f8b
CD,CG,1,26259528-c6e9-4ade-908b-996baa58b326
CG,CM,1,49c27c69-c236-4015-a327-733ab9ad9f9c
CG,GA,1,49c27c69-c236-4015-a327-733ab9ad9f9c
CH,CY,1,73f4141d-32ef-4dc3-9f98-0afd988a8b0d
CH,ES,1,73f4141d-32ef-4dc3-9f98-0afd988a8b0d
CH,GR,1,73f4141d-32ef-4dc3-9f98-0afd988a8b0d
CH,HR,1,73f4141d-32ef-4dc3-9f98-0afd988a8b0d
CH,IE,1,73f4141d-32ef-4dc3-9f98-0afd988a8b0d
CH,NL,1,d0536760-ba45-4308-be32-74154c693cac
CH,NO,1,b272131f-8e6f-4fc6-9eb1-3ff3fd3464e9
CH,SI,1,73f4141d-32ef-4dc3-9f98-0afd988a8b0d
CI,ID,1,48382804-9d28-49d8-9418-707326fe4447
CI,ML,1,48382804-9d28-49d8-9418-707326fe4447
CL,PE,1,20d10427-9612-468f-b7c4-a11c6e4a4420
CM,GA,1,49c27c69-c236-4015-a327-733ab9ad9f9c
CM,TD,1,a2387946-24fc-4703-a8e5-e54f64b9d374
CN,MN,1,8be26ea8-579b-4cf1-86db-1c77f2d9c3d7
CN,MY,1,e1b7b1ae-de27-48d4-9af6-26bdf0eed3a9
CO,CY,1,3d48128e-f684-44e4-a15b-75a5b32b6d6f
CO,DE,1,3d48128e-f684-44e4-a15b-75a5b32b6d6f
CO,EC,1,af4e2eff-f96e-48ab-b811-d9c1766d0a63
CO,KG,1,3d48128e-f684-44e4-a15b-75a5b32b6d6f
CO,LU,1,3d48128e-f684-44e4-a15b-75a5b32b6d6f
CO,NG,1,3d48128e-f684-44e4-a15b-75a5b32b6d6f
CO,SI,1,3d48128e-f684-44e4-a15b-75a5b32b6d6f
CO,TG,1,3d48128e-f684-44e4-a15b-75a5b32b6d6f
CO,VE,1,3501fafc-3a4c-4dae-a27c-0e6fc740634e
CU,DO,1,f8757869-8a0a-455b-9ba1-efbf55a65639
CU,HN,1,f8757869-8a0a-455b-9ba1-efbf55a65639
CU,HT,1,f8757869-8a0a-455b-9ba1-efbf55a65639
CU,MX,1,762c5014-6a7e-4e48-b5a5-9ffa2815c010
CU,VE,1,f8757869-8a0a-455b-9ba1-efbf55a65639
CY,DE,1,3d48128e-f684-44e4-a15b-75a5b32b6d6f
CY,IE,1,73f4141d-32ef-4dc3-9f98-0afd988a8b0d
CY,KG,1,3d48128e-f684-44e4-a15b-75a5b32b6d6f
CY,MA,1,52dcb3e1-37dc-4bb8-843c-67be400d7a0e
CY,NG,1,3d48128e-f684-44e4-a15b-75a5b32b6d6f
CY,PT,1,52dcb3e1-37dc-4bb8-843c-67be400d7a0e
CY,TG,1,3d48128e-f684-44e4-a15b-75a5b32b6d6f
CZ,FI,1,e4f84e99-d1ab-4737-96af-ab446ae5365e
CZ,HR,1,75bda6cf-c9fd-4259-a8b2-807ea6b29ea0
CZ,IE,1,75bda6cf-c9fd-4259-a8b2-807ea6b29ea0
CZ,IT,1,75bda6cf-c9fd-4259-a8b2-807ea6b29ea0
CZ,KG,1,75bda6cf-c9fd-4259-a8b2-807ea6b29ea0
CZ,KR,1,75bda6cf-c9fd-4259-a8b2-807ea6b29ea0
CZ,KZ,1,75bda6cf-c9fd-4259-a8b2-807ea6b29ea0
CZ,LV,1,da4d32f6-6d6c-492f-8f9b-621c8f039c60
CZ,MA,1,75bda6cf-c9fd-4259-a8b2-807ea6b29ea0
CZ,MN,1,75bda6cf-c9fd-4259-a8b2-807ea6b29ea0
CZ,NL,1,75bda6cf-c9fd-4259-a8b2-807ea6b29ea0
CZ,PK,1,75bda6cf-c9fd-4259-a8b2-807ea6b29ea0
CZ,PT,1,75bda6cf-c9fd-4259-a8b2-807ea6b29ea0
CZ,QA,1,75bda6cf-c9fd-4259-a8b2-807ea6b29ea0
CZ,SA,1,75bda6cf-c9fd-4259-a8b2-807ea6b29ea0
CZ,SY,1,75bda6cf-c9fd-4259-a8b2-807ea6b29ea0
DE,FI,1,e4f84e99-d1ab-4737-96af-ab446ae5365e
DE,HR,1,75bda6cf-c9fd-4259-a8b2-807ea6b29ea0
DE,IE,1,75bda6cf-c9fd-4259-a8b2-807ea6b29ea0
DE,KR,1,75bda6cf-c9fd-4259-a8b2-807ea6b29ea0
DE,KZ,1,75bda6cf-c9fd-4259-a8b2-807ea6b29ea0
DE,LV,1,da4d32f6-6d6c-492f-8f9b-621c8f039c60
DE,MA,1,75bda6cf-c9fd-4259-a8b2-807ea6b29ea0
DE,MN,1,75bda6cf-c9fd-4259-a8b2-807ea6b29ea0
DE,NG,1,3d48128e-f684-44e4-a15b-75a5b32b6d6f
DE,NO,1,b272131f-8e6f-4fc6-9eb1-3ff3fd3464e9
DE,PK,1,75bda6cf-c9fd-4259-a8b2-807ea6b29ea0
DE,PT,1,75bda6cf-c9fd-4259-a8b2-807ea6b29ea0
DE,QA,1,75bda6cf-c9fd-4259-a8b2-807ea6b29ea0
DE,SA,1,75bda6cf-c9fd-4259-a8b2-807ea6b29ea0
DE,SI,1,3d48128e-f684-44e4-a15b-75a5b32b6d6f
DE,SY,1,75bda6cf-c9fd-4259-a8b2-807ea6b29ea0
DE,TG,1,3d48128e-f684-44e4-a15b-75a5b32b6d6f
DJ,ET,1,c35c8185-3f94-4746-b4f2-d78b0d55c51f
DJ,IQ,1,4b2ae2b6-6295-4765-95d5-6efd3459ef4d
DJ,JO,1,4b2ae2b6-6295-4765-95d5-6efd3459ef4d
DJ,KM,1,4b2ae2b6-6295-4765-95d5-6efd3459ef4d
DJ,MR,1,4b2ae2b6-6295-4765-95d5-6efd3459ef4d
DK,FI,1,1307b560-d016-4f7e-af69-1c8c67887c08
DK,IS,1,1307b560-d016-4f7e-af69-1c8c67887c08
DK,NO,1,1307b560-d016-4f7e-af69-1c8c67887c08
DK,SE,1,1307b560-d016-4f7e-af69-1c8c67887c08
DO,HN,1,f8757869-8a0a-455b-9ba1-efbf55a65639
DO,HT,1,f8757869-8a0a-455b-9ba1-efbf55a65639
DO,VE,1,f8757869-8a0a-455b-9ba1-efbf55a65639
DZ,LB,1,5de032de-fad4-4b2c-9d76-9091cdc96e53
DZ,ML,1,3332aac9-6445-4399-91d0-1192c8775d6d
DZ,NE,1,3332aac9-6445-4399-91d0-1192c8775d6d
DZ,QA,1,6d8dce5e-c21d-4662-910c-24c58ed6e39f
EC,PE,1,02e99f5b-54be-4e6b-b068-ee09565f000e
EE,LT,1,4ecbafcb-0aed-41ec-8b30-432391aab218
EE,LV,1,4ecbafcb-0aed-41ec-8b30-432391aab218
EE,UA,1,46057403-735d-448c-940d-bc8b80441e46
EG,LB,1,5de032de-fad4-4b2c-9d76-9091cdc96e53
ES,FI,1,e4f84e99-d1ab-4737-96af-ab446ae5365e
ES,KG,1,75bda6cf-c9fd-4259-a8b2-807ea6b29ea0
ES,KR,1,75bda6cf-c9fd-4259-a8b2-807ea6b29ea0
ES,KZ,1,75bda6cf-c9fd-4259-a8b2-807ea6b29ea0
ES,LV,1,da4d32f6-6d6c-492f-8f9b-621c8f039c60
ES,MN,1,75bda6cf-c9fd-4259-a8b2-807ea6b29ea0
ES,MX,1,f0f90fcb-ffe5-4b18-abbe-b536d0e24dde
ES,NL,1,75bda6cf-c9fd-4259-a8b2-807ea6b29ea0
ES,PK,1,75bda6cf-c9fd-4259-a8b2-807ea6b29ea0
ES,QA,1,75bda6cf-c9fd-4259-a8b2-807ea6b29ea0
ES,RO,1,9fa600ce-5ecf-4b19-9464-00052ab2eecb
ES,SA,1,75bda6cf-c9fd-4259-a8b2-807ea6b29ea0
ES,SI,1,73f4141d-32ef-4dc3-9f98-0afd988a8b0d
ES,SK,1,75bda6cf-c9fd-4259-a8b2-807ea6b29ea0
ES,SY,1,75bda6cf-c9fd-4259-a8b2-807ea6b29ea0
ET,SO,1,c35c8185-3f94-4746-b4f2-d78b0d55c51f
FI,FR,1,e4f84e99-d1ab-4737-96af-ab446ae5365e
FI,HU,1,e4f84e99-d1ab-4737-96af-ab446ae5365e
FI,IS,1,1307b560-d016-4f7e-af69-1c8c67887c08
FI,NO,1,1307b560-d016-4f7e-af69-1c8c67887c08
FI,SE,1,1307b560-d016-4f7e-af69-1c8c67887c08
FR,KG,1,75bda6cf-c9fd-4259-a8b2-807ea6b29ea0
FR,KR,1,75bda6cf-c9fd-4259-a8b2-807ea6b29ea0
FR,KZ,1,75bda6cf-c9fd-4259-a8b2-807ea6b29ea0
FR,MA,1,75bda6cf-c9fd-4259-a8b2-807ea6b29ea0
FR,MN,1,75bda6cf-c9fd-4259-a8b2-807ea6b29ea0
FR,NL,1,75bda6cf-c9fd-4259-a8b2-807ea6b29ea0
FR,NO,1,b272131f-8e6f-4fc6-9eb1-3ff3fd3464e9
FR,PK,1,75bda6cf-c9fd-4259-a8b2-807ea6b29ea0
FR,PL,1,75bda6cf-c9fd-4259-a8b2-807ea6b29ea0
FR,PT,1,75bda6cf-c9fd-4259-a8b2-807ea6b29ea0
FR,QA,1,75bda6cf-c9fd-4259-a8b2-807ea6b29ea0
FR,RO,1,9fa600ce-5ecf-4b19-9464-00052ab2eecb
FR,SA,1,75bda6cf-c9fd-4259-a8b2-807ea6b29ea0
FR,SI,1,73f4141d-32ef-4dc3-9f98-0afd988a8b0d
FR,SK,1,75bda6cf-c9fd-4259-a8b2-807ea6b29ea0
FR,SY,1,75bda6cf-c9fd-4259-a8b2-807ea6b29ea0
GM,SN,1,3a39d54d-d2da-4ac6-951e-81db149e06b9
GR,IE,1,73f4141d-32ef-4dc3-9f98-0afd988a8b0d
GR,MA,1,52dcb3e1-37dc-4bb8-843c-67be400d7a0e
GR,PT,1,52dcb3e1-37dc-4bb8-843c-67be400d7a0e
GR,RO,1,9fa600ce-5ecf-4b19-9464-00052ab2eecb
GR,SI,1,73f4141d-32ef-4dc3-9f98-0afd988a8b0d
GT,HN,1,eced54c6-4bf3-4338-a902-28664fec2f8b
GT,NI,1,eced54c6-4bf3-4338-a902-28664fec2f8b
HN,HT,1,f8757869-8a0a-455b-9ba1-efbf55a65639
HN,NI,1,eced54c6-4bf3-4338-a902-28664fec2f8b
HN,VE,1,f8757869-8a0a-455b-9ba1-efbf55a65639
HR,KG,1,75bda6cf-c9fd-4259-a8b2-807ea6b29ea0
HR,KR,1,75bda6cf-c9fd-4259-a8b2-807ea6b29ea0
HR,KZ,1,75bda6cf-c9fd-4259-a8b2-807ea6b29ea0
HR,MN,1,75bda6cf-c9fd-4259-a8b2-807ea6b29ea0
HR,NL,1,75bda6cf-c9fd-4259-a8b2-807ea6b29ea0
HR,PK,1,75bda6cf-c9fd-4259-a8b2-807ea6b29ea0
HR,PL,1,75bda6cf-c9fd-4259-a8b2-807ea6b29ea0
HR,QA,1,75bda6cf-c9fd-4259-a8b2-807ea6b29ea0
HR,SA,1,75bda6cf-c9fd-4259-a8b2-807ea6b29ea0
HR,SY,1,75bda6cf-c9fd-4259-a8b2-807ea6b29ea0
HT,VE,1,f8757869-8a0a-455b-9ba1-efbf55a65639
HU,IE,1,75bda6cf-c9fd-4259-a8b2-807ea6b29ea0
HU,KG,1,75bda6cf-c9fd-4259-a8b2-807ea6b29ea0
HU,KR,1,75bda6cf-c9fd-4259-a8b2-807ea6b29ea0
HU,KZ,1,75bda6cf-c9fd-4259-a8b2-807ea6b29ea0
HU,MA,1,75bda6cf-c9fd-4259-a8b2-807ea6b29ea0
HU,MN,1,75bda6cf-c9fd-4259-a8b2-807ea6b29ea0
HU,NL,1,75bda6cf-c9fd-4259-a8b2-807ea6b29ea0
HU,PK,1,75bda6cf-c9fd-4259-a8b2-807ea6b29ea0
HU,PL,1,75bda6cf-c9fd-4259-a8b2-807ea6b29ea0
HU,PT,1,75bda6cf-c9fd-4259-a8b2-807ea6b29ea0
HU,QA,1,75bda6cf-c9fd-4259-a8b2-807ea6b29ea0
HU,RO,1,a04c3e78-59da-4f7e-aaae-4194282fe749
HU,SA,1,75bda6cf-c9fd-4259-a8b2-807ea6b29ea0
HU,SI,1,a04c3e78-59da-4f7e-aaae-4194282fe749
HU,SY,1,75bda6cf-c9fd-4259-a8b2-807ea6b29ea0
ID,ML,1,48382804-9d28-49d8-9418-707326fe4447
ID,SG,1,86f5d1f3-727d-4f33-8b15-528a6949bdcb
ID,TH,1,86f5d1f3-727d-4f33-8b15-528a6949bdcb
IE,KG,1,75bda6cf-c9fd-4259-a8b2-807ea6b29ea0
IE,KR,1,75bda6cf-c9fd-4259-a8b2-807ea6b29ea0
IE,KZ,1,75bda6cf-c9fd-4259-a8b2-807ea6b29ea0
IE,LU,1,73f4141d-32ef-4dc3-9f98-0afd988a8b0d
IE,MA,1,75bda6cf-c9fd-4259-a8b2-807ea6b29ea0
IE,MN,1,75bda6cf-c9fd-4259-a8b2-807ea6b29ea0
IE,NL,1,75bda6cf-c9fd-4259-a8b2-807ea6b29ea0
IE,PK,1,75bda6cf-c9fd-4259-a8b2-807ea6b29ea0
IE,PL,1,75bda6cf-c9fd-4259-a8b2-807ea6b29ea0
IE,PT,1,75bda6cf-c9fd-4259-a8b2-807ea6b29ea0
IE,QA,1,75bda6cf-c9fd-4259-a8b2-807ea6b29ea0
IE,SA,1,75bda6cf-c9fd-4259-a8b2-807ea6b29ea0
IE,SI,1,73f4141d-32ef-4dc3-9f98-0afd988a8b0d
IE,SK,1,75bda6cf-c9fd-4259-a8b2-807ea6b29ea0
IE,SY,1,75bda6cf-c9fd-4259-a8b2-807ea6b29ea0
IN,IQ,1,1fbd4b97-7cc2-4d79-ab43-aaebc308aaef
IN,IR,1,1fbd4b97-7cc2-4d79-ab43-aaebc308aaef
IN,KG,1,1fbd4b97-7cc2-4d79-ab43-aaebc308aaef
IN,KZ,1,1fbd4b97-7cc2-4d79-ab43-aaebc308aaef
IN,MN,1,1fbd4b97-7cc2-4d79-ab43-aaebc308aaef
IN,PK,1,1fbd4b97-7cc2-4d79-ab43-aaebc308aaef
IN,TJ,1,1fbd4b97-7cc2-4d79-ab43-aaebc308aaef
IN,TM,1,1fbd4b97-7cc2-4d79-ab43-aaebc308aaef
IN,TR,1,1fbd4b97-7cc2-4d79-ab43-aaebc308aaef
IN,UZ,1,1fbd4b97-7cc2-4d79-ab43-aaebc308aaef
IQ,IR,1,1fbd4b97-7cc2-4d79-ab43-aaebc308aaef
IQ,KG,1,1fbd4b97-7cc2-4d79-ab43-aaebc308aaef
IQ,KM,1,4b2ae2b6-6295-4765-95d5-6efd3459ef4d
IQ,KZ,1,1fbd4b97-7cc2-4d79-ab43-aaebc308aaef
IQ,LB,1,5de032de-fad4-4b2c-9d76-9091cdc96e53
IQ,LY,1,bead3bc0-2445-4e15-9e36-66a5a33a4fc9
IQ,MN,1,1fbd4b97-7cc2-4d79-ab43-aaebc308aaef
IQ,PK,1,1fbd4b97-7cc2-4d79-ab43-aaebc308aaef
IQ,SO,1,4b2ae2b6-6295-4765-95d5-6efd3459ef4d
IQ,TJ,1,1fbd4b97-7cc2-4d79-ab43-aaebc308aaef
IQ,TM,1,1fbd4b97-7cc2-4d79-ab43-aaebc308aaef
IQ,TR,1,1fbd4b97-7cc2-4d79-ab43-aaebc308aaef
IQ,UZ,1,1fbd4b97-7cc2-4d79-ab43-aaebc308aaef
IR,MN,1,1fbd4b97-7cc2-4d79-ab43-aaebc308aaef
IR,PK,1,1fbd4b97-7cc2-4d79-ab43-aaebc308aaef
IR,SY,1,54fecbc0-68b8-479e-be27-78bbecac6472
IS,NO,1,1307b560-d016-4f7e-af69-1c8c67887c08
IS,SE,1,1307b560-d016-4f7e-af69-1c8c67887c08
IT,KG,1,75bda6cf-c9fd-4259-a8b2-807ea6b29ea0
IT,KR,1,75bda6cf-c9fd-4259-a8b2-807ea6b29ea0
IT,KZ,1,75bda6cf-c9fd-4259-a8b2-807ea6b29ea0
IT,MN,1,75bda6cf-c9fd-4259-a8b2-807ea6b29ea0
IT,PK,1,75bda6cf-c9fd-4259-a8b2-807ea6b29ea0
IT,PL,1,75bda6cf-c9fd-4259-a8b2-807ea6b29ea0
IT,QA,1,75bda6cf-c9fd-4259-a8b2-807ea6b29ea0
IT,SA,1,75bda6cf-c9fd-4259-a8b2-807ea6b29ea0
IT,SY,1,75bda6cf-c9fd-4259-a8b2-807ea6b29ea0
JO,KM,1,4b2ae2b6-6295-4765-95d5-6efd3459ef4d
JO,LB,1,5de032de-fad4-4b2c-9d76-9091cdc96e53
JO,LY,1,bead3bc0-2445-4e15-9e36-66a5a33a4fc9
JO,SO,1,4b2ae2b6-6295-4765-95d5-6efd3459ef4d
KG,KR,1,75bda6cf-c9fd-4259-a8b2-807ea6b29ea0
KG,LU,1,3d48128e-f684-44e4-a15b-75a5b32b6d6f
KG,MA,1,75bda6cf-c9fd-4259-a8b2-807ea6b29ea0
KG,NG,1,3d48128e-f684-44e4-a15b-75a5b32b6d6f
KG,NL,1,75bda6cf-c9fd-4259-a8b2-807ea6b29ea0
KG,PL,1,75bda6cf-c9fd-4259-a8b2-807ea6b29ea0
KG,PT,1,75bda6cf-c9fd-4259-a8b2-807ea6b29ea0
KG,QA,1,75bda6cf-c9fd-4259-a8b2-807ea6b29ea0
KG,SA,1,75bda6cf-c9fd-4259-a8b2-807ea6b29ea0
KG,SI,1,3d48128e-f684-44e4-a15b-75a5b32b6d6f
KG,SK,1,75bda6cf-c9fd-4259-a8b2-807ea6b29ea0
KG,SY,1,75bda6cf-c9fd-4259-a8b2-807ea6b29ea0
KG,TG,1,3d48128e-f684-44e4-a15b-75a5b32b6d6f
KH,KR,1,7b7c964f-b41a-47e8-83f3-f132d4c6b7de
KH,PH,1,7b7c964f-b41a-47e8-83f3-f132d4c6b7de
KH,VN,1,7b7c964f-b41a-47e8-83f3-f132d4c6b7de
KM,MR,1,4b2ae2b6-6295-4765-95d5-6efd3459ef4d
KM,SO,1,4b2ae2b6-6295-4765-95d5-6efd3459ef4d
KP,KR,1,3fff65af-bc6c-4768-94cc-27fda4d71f8e
KR,KZ,1,75bda6cf-c9fd-4259-a8b2-807ea6b29ea0
KR,MA,1,75bda6cf-c9fd-4259-a8b2-807ea6b29ea0
KR,MN,1,75bda6cf-c9fd-4259-a8b2-807ea6b29ea0
KR,NL,1,75bda6cf-c9fd-4259-a8b2-807ea6b29ea0
KR,PH,1,7b7c964f-b41a-47e8-83f3-f132d4c6b7de
KR,PK,1,75bda6cf-c9fd-4259-a8b2-807ea6b29ea0
KR,PL,1,75bda6cf-c9fd-4259-a8b2-807ea6b29ea0
KR,PT,1,75bda6cf-c9fd-4259-a8b2-807ea6b29ea0
KR,QA,1,75bda6cf-c9fd-4259-a8b2-807ea6b29ea0
KR,SA,1,75bda6cf-c9fd-4259-a8b2-807ea6b29ea0
KR,SK,1,75bda6cf-c9fd-4259-a8b2-807ea6b29ea0
KR,SY,1,75bda6cf-c9fd-4259-a8b2-807ea6b29ea0
KR,VN,1,7b7c964f-b41a-47e8-83f3-f132d4c6b7de
KW,LB,1,5de032de-fad4-4b2c-9d76-9091cdc96e53
KW,SY,1,17f3a899-b347-46b8-ab07-3dc10281b914
KZ,MA,1,75bda6cf-c9fd-4259-a8b2-807ea6b29ea0
KZ,NL,1,75bda6cf-c9fd-4259-a8b2-807ea6b29ea0
KZ,PL,1,75bda6cf-c9fd-4259-a8b2-807ea6b29ea0
KZ,PT,1,75bda6cf-c9fd-4259-a8b2-807ea6b29ea0
KZ,QA,1,75bda6cf-c9fd-4259-a8b2-807ea6b29ea0
KZ,SA,1,75bda6cf-c9fd-4259-a8b2-807ea6b29ea0
KZ,SK,1,75bda6cf-c9fd-4259-a8b2-807ea6b29ea0
KZ,SY,1,75bda6cf-c9fd-4259-a8b2-807ea6b29ea0
LB,MA,1,5de032de-fad4-4b2c-9d76-9091cdc96e53
LB,MR,1,5de032de-fad4-4b2c-9d76-9091cdc96e53
LB,OM,1,5de032de-fad4-4b2c-9d76-9091cdc96e53
LB,PS,1,5de032de-fad4-4b2c-9d76-9091cdc96e53
LB,SA,1,5de032de-fad4-4b2c-9d76-9091cdc96e53
LB,SD,1,5de032de-fad4-4b2c-9d76-9091cdc96e53
LB,TN,1,5de032de-fad4-4b2c-9d76-9091cdc96e53
LB,YE,1,5de032de-fad4-4b2c-9d76-9091cdc96e53
LT,LV,1,4ecbafcb-0aed-41ec-8b30-432391aab218
LU,NG,1,3d48128e-f684-44e4-a15b-75a5b32b6d6f
LU,NL,1,d0536760-ba45-4308-be32-74154c693cac
LU,RO,1,9fa600ce-5ecf-4b19-9464-00052ab2eecb
LU,TG,1,3d48128e-f684-44e4-a15b-75a5b32b6d6f
LV,PL,1,da4d32f6-6d6c-492f-8f9b-621c8f039c60
LY,OM,1,bead3bc0-2445-4e15-9e36-66a5a33a4fc9
LY,PS,1,bead3bc0-2445-4e15-9e36-66a5a33a4fc9
LY,SA,1,bead3bc0-2445-4e15-9e36-66a5a33a4fc9
LY,SY,1,bead3bc0-2445-4e15-9e36-66a5a33a4fc9
LY,TN,1,bead3bc0-2445-4e15-9e36-66a5a33a4fc9
MA,MN,1,75bda6cf-c9fd-4259-a8b2-807ea6b29ea0
MA,NL,1,75bda6cf-c9fd-4259-a8b2-807ea6b29ea0
MA,PK,1,75bda6cf-c9fd-4259-a8b2-807ea6b29ea0
MA,PL,1,75bda6cf-c9fd-4259-a8b2-807ea6b29ea0
MA,SK,1,75bda6cf-c9fd-4259-a8b2-807ea6b29ea0
MA,SY,1,75bda6cf-c9fd-4259-a8b2-807ea6b29ea0
MD,MK,1,4733c4f8-452e-4268-a180-82a3053a2a1d
MK,RO,1,4733c4f8-452e-4268-a180-82a3053a2a1d
ML,NE,1,3332aac9-6445-4399-91d0-1192c8775d6d
MN,NL,1,75bda6cf-c9fd-4259-a8b2-807ea6b29ea0
MN,PL,1,75bda6cf-c9fd-4259-a8b2-807ea6b29ea0
MN,PT,1,75bda6cf-c9fd-4259-a8b2-807ea6b29ea0
MN,QA,1,75bda6cf-c9fd-4259-a8b2-807ea6b29ea0
MN,SA,1,75bda6cf-c9fd-4259-a8b2-807ea6b29ea0
MN,SK,1,75bda6cf-c9fd-4259-a8b2-807ea6b29ea0
MN,SY,1,75bda6cf-c9fd-4259-a8b2-807ea6b29ea0
MN,TJ,1,1fbd4b97-7cc2-4d79-ab43-aaebc308aaef
MN,TM,1,1fbd4b97-7cc2-4d79-ab43-aaebc308aaef
MN,TR,1,1fbd4b97-7cc2-4d79-ab43-aaebc308aaef
MN,UZ,1,1fbd4b97-7cc2-4d79-ab43-aaebc308aaef
MR,SO,1,4b2ae2b6-6295-4765-95d5-6efd3459ef4d
MW,MZ,1,15c2f69b-1c41-47ce-b7d3-9be87f84c134
MW,ZM,1,15c2f69b-1c41-47ce-b7d3-9be87f84c134
MW,ZW,1,bca4f47c-f573-4022-9be0-e75c3c37ab1d
MY,SG,1,86f5d1f3-727d-4f33-8b15-528a6949bdcb
MY,TH,1,86f5d1f3-727d-4f33-8b15-528a6949bdcb
MZ,ZM,1,15c2f69b-1c41-47ce-b7d3-9be87f84c134
NG,SI,1,3d48128e-f684-44e4-a15b-75a5b32b6d6f
NL,PK,1,75bda6cf-c9fd-4259-a8b2-807ea6b29ea0
NL,PL,1,75bda6cf-c9fd-4259-a8b2-807ea6b29ea0
NL,PT,1,75bda6cf-c9fd-4259-a8b2-807ea6b29ea0
NL,QA,1,75bda6cf-c9fd-4259-a8b2-807ea6b29ea0
NL,SA,1,75bda6cf-c9fd-4259-a8b2-807ea6b29ea0
NL,SK,1,75bda6cf-c9fd-4259-a8b2-807ea6b29ea0
NL,SY,1,75bda6cf-c9fd-4259-a8b2-807ea6b29ea0
PH,VN,1,7b7c964f-b41a-47e8-83f3-f132d4c6b7de
PK,PL,1,75bda6cf-c9fd-4259-a8b2-807ea6b29ea0
PK,PT,1,75bda6cf-c9fd-4259-a8b2-807ea6b29ea0
PK,QA,1,75bda6cf-c9fd-4259-a8b2-807ea6b29ea0
PK,SA,1,75bda6cf-c9fd-4259-a8b2-807ea6b29ea0
PK,SK,1,75bda6cf-c9fd-4259-a8b2-807ea6b29ea0
PK,SY,1,75bda6cf-c9fd-4259-a8b2-807ea6b29ea0
PK,TJ,1,1fbd4b97-7cc2-4d79-ab43-aaebc308aaef
PK,TM,1,1fbd4b97-7cc2-4d79-ab43-aaebc308aaef
PK,TR,1,1fbd4b97-7cc2-4d79-ab43-aaebc308aaef
PK,UZ,1,1fbd4b97-7cc2-4d79-ab43-aaebc308aaef
PL,PT,1,75bda6cf-c9fd-4259-a8b2-807ea6b29ea0
PL,QA,1,75bda6cf-c9fd-4259-a8b2-807ea6b29ea0
PL,SA,1,75bda6cf-c9fd-4259-a8b2-807ea6b29ea0
PL,SK,1,75bda6cf-c9fd-4259-a8b2-807ea6b29ea0
PL,SY,1,75bda6cf-c9fd-4259-a8b2-807ea6b29ea0
PS,SY,1,bead3bc0-2445-4e15-9e36-66a5a33a4fc9
PT,QA,1,75bda6cf-c9fd-4259-a8b2-807ea6b29ea0
PT,SA,1,75bda6cf-c9fd-4259-a8b2-807ea6b29ea0
PT,SK,1,75bda6cf-c9fd-4259-a8b2-807ea6b29ea0
PT,SY,1,75bda6cf-c9fd-4259-a8b2-807ea6b29ea0
QA,SK,1,75bda6cf-c9fd-4259-a8b2-807ea6b29ea0
RO,SI,1,a04c3e78-59da-4f7e-aaae-4194282fe749
RO,SK,1,a04c3e78-59da-4f7e-aaae-4194282fe749
SA,SK,1,75bda6cf-c9fd-4259-a8b2-807ea6b29ea0
SG,TH,1,86f5d1f3-727d-4f33-8b15-528a6949bdcb
SI,SK,1,a04c3e78-59da-4f7e-aaae-4194282fe749
SI,TG,1,3d48128e-f684-44e4-a15b-75a5b32b6d6f
SK,SY,1,75bda6cf-c9fd-4259-a8b2-807ea6b29ea0
SY,TN,1,bead3bc0-2445-4e15-9e36-66a5a33a4fc9
